comment,sentiment
buen video proxmas generaciones futuro podran varias cosas hacer dia dia cuidar mundo,5 stars
excelente explicación gracias,5 stars
explicó madres,1 star
estupendo,5 stars
excelente video,5 stars
buenisimo,5 stars
hermoso video,5 stars
voz parece robot persona robot intenta controlar,1 star
gusta voz,5 stars
jaja humano vanidad piensa cerebro complejo universo,1 star
mejor manera vender platzi hechos gente tesa vivo sudandola demostrando aprendiendo construir disfrutado video uff,5 stars
sacaste estadio platzi freddy hagamos viral video gente debe merece disfrutar video conocimiento aprendizaje humor suspenso muchas cosas buenas,5 stars
si dar valor llevo aos estudiando redes neuronales persona saben hablan muyyyyyy complejo explicarlo,3 stars
si pudiera regaar profesores aprendería rápido jajajaja amé,3 stars
wow verlo veces anotar si hace ejercicio pensum carrera universitaria mil gracias quedé infinidad dudas toda ganas disiparlas aos video dan unas ganas vivir imaginan,5 stars
actitud deben tener programadores actuales pasársela pensando ai quitará trabajo,2 stars
freddy live demostró tipo maquina,5 stars
video ma entretenido últimos aos youtube gracias,5 stars
buen video cómo profe álgebra cálculo sufrí viendo explican fácil forma difícil complicada aunque sabía tema neuronas perceptrones wow bacano ver cómo aplica nuevo platzi gracias disfrutado video ningún luego entiendo vivo aplausos profes saludos,4 stars
fin literalmente mitad vivo anotando dejó verlo ma,1 star
excelente formato conocer equipo platzi verlos acción usando súper poderescapacidades didáctico dinámico encantó,5 stars
mejor clase visto platzi hace aos trabajo haciendo páginas web aprendí cursos wordpress quedé estancado estudio aún así sigo pagando suscripción video motiva seguir estudiando nunca entendido ia manera,5 stars
viedo aventé vivo esperando editado literal quiero organizar notas armarme bien mapa conceptual denso escarbarle,3 stars
cada vez tome cualquier clase debería poder preguntar tal hizo fredy clase entender bien estudiando,5 stars
video oro puro entender funciona modelos ia base explicado matemáticamente genial fredy hace preguntas adecuadas entender,5 stars
gran video allí persona ciega momento graficar costó seguirles onda misma ia empecé sacar bocetos menos querían decir puf generalmente cuesta centrar atención minutos hora eh disfrutado pocas cosas,2 stars
aprendido muchísimo viendo video además método conversar aprender parece fabuloso hacemos siempre amigo familias clientes gracias platzi,5 stars
si clase sentarse discutir hablar conceptos estructurar pensamiento ir llegando conclusiones obviamente expertos parte aprendices construir conocimiento definitiva,3 stars
clase dió ganas dio interés conocer aprender matemáticas demuestra inmenso crack newton leibniz inventar cálculo diferencial integral junto conocimiento matemáticos antecesores esencia dieron necesario desarrollar tener ia modernidad,5 stars
parece interesante dinámica usada video describe proceso aprendizaje educador actitud correcta estudiante punto vista puede aplicar cualquier materia desea apreder nunca pares aprender,3 stars
levanté madrugada vi live hablando llm mejores horas invertidas d emi semana entendi muchas cosas divertí tambien jaja muchas gracias,5 stars
master class deberia ser materia obligatoria toda partes asi entienda matematicas valor mayor video mostrar capacidad humanos crear cosas realmente increible magia intelecto humano gracias platzi,5 stars
bien fredy realmente ejercicio pedagógico sabia muchas cosas hizo video aprendieramos maestro,4 stars
primera vez veo formato si gusta hecho formato explique cero concepto hace super educativo organico divertido,5 stars
quiero agradecer platzi subir,5 stars
buen video ultima pregunta respondería toma ao normal entender existe phd aos poder crear nuevas arquitecturas buen video intenso sufrí reí cosas dejan muchas dudas excelente servicio,5 stars
respetos editó live solo aquellos vieron vivo comprenderán increíble trabajo edición,5 stars
uffffffffffffff juro clase así iterativa así descriptiva boffff aprendo platzi durisimo,1 star
fantástico después tantas iteraciones duda freddy genio hacer producto platzi,5 stars
honestamente nunca animado contratar platzi vídeos informativos parecian buenos nunca motivaron explorar plataforma hata vídeo gozada ver nivel discusión intento entender base ahora motiva entrar curso fundamentos si mitad calidad muestran vídeo valdría totalmente inversión definitivamente primera vez vi aún cosas quedaban tan claras así visto do veces ahora clarisimo valió totalmente pena horas inversión,1 star
deberian hacer ma contenido similar interesante entiendo da contexto bastante claro hablan,3 stars
tener acceso información privilegio importante buscar entender detalle conceptos interesen extremum curiosidad dejar tener miedo tecnología entiendes importancia apalancarme posibilidades gran momento ser curioso bien formato muchas gracias,4 stars
brutal felicito mejor contenido visto aos espero ansias video explique funciona inferencia,5 stars
video mejores goles medium cancha flipó excelente freddy repetir metodología conceptos detrás ia temas escala máxima cualquier espacio multidimensional,5 stars
mejor video ia visto pude entender realmente entendí volviendo ver veces quedara claro absolutamente conceptos fundamentales,5 stars
video geniales fredy lejos mejor muestra humildad bello aprender necesitamos ma video pd bien quieras dilucidar claridad favor interrumpas colegas,5 stars
hace aooooos emocionaba aprendiendo literal iba gritando casa entendía gracias gracias gracias videoen serio lejos mejor visto platzi,5 stars
aos solo estudios primarios escuela campo volveré ver comprendí tratare ver llego tecno full,1 star
gran proceso traducción conceptos aprender estudiado transformer encontré sigue fascinando medida aprendo temas base siguen siendo mismas redes neuronales probabilidades matrix ajustes peso probabilidades gran ventaja funciones modelos demás alcance,4 stars
ustedes saben cuánto amando formato sentirse emoción entender aprender gracias,5 stars
bueno felicito acaban hacer pedagógicamente increíble prácticamente explicación profunda lenguaje natural cómo debería ser educación realidad gustaría sacara video así cuento ustedes podían dar carrera profesional cinco video horas,4 stars
aquí nerdos disfrutamos tipo video,3 stars
encantado preguntas contestaran así pequea oportunidad seguir aprendiendo maravillosa renovando suscripción,5 stars
chimba video acuerdo comentario mejor forma vender platzi peso disfruté impresionante,5 stars
jamás comenté video platzi pareció tan revelador debo felicitar forma hacerse preguntas incómodas generar respuestas coherentes éxitos,5 stars
hermosos vídeo ma ingeniero electrónico entender hablan perderse genial,5 stars
necesito ma video así fredy entendiendo conceptos si fredy haciendo preguntas encanto entendí gracias,5 stars
aqui fredy deja ver aprende rapidamente urra admiracion video vale oro,5 stars
debe ser tipo podcasts conversaciones jóvenes deberían tener ojo tener gramática aparte matemática algebraica mala ortografía estudiar momento haciendo curso ingeniería software platzi nota,2 stars
video fantastico demuestra realidad debe ser educacion estudiante puede ir haciendo preguntas regaando entiende ensea aprenden lugar dudas freddy entendio fucking vibra,5 stars
gracias aplauso grupono temas dedicando tiempo aprender tecnologia paso llegada deepseek semedesperto interes aprender aos nunca habia deseo conocer temasy mirando video iba entendiendo muchas cosas forma ma directa clara aprender ensear facinante video gracias maestro,5 stars
destilar gpt turbo alumnofreddy gpt m define carne vacuna soja texturizada teacher igual re banco concepto estilo video largo pausas ediciones cualquiera haria estaria bueno hacer parte aclarando toda confusiones errores siguiendo tematica posttraining rl rlhf etc nunca paren aprender muchachos buen trabajo,4 stars
impresionante freddy hizo preguntas llegó conclusiones tal hecho clase ver propio proceso cognitivo acción sentí totalmente identificado freddy clase crack,5 stars
tan feliz freddy ingeniero ahora comprendo ia enamorado ciencia tecnología conforma decidido aprovecharla máximo saludos costa rica,5 stars
da alegría pensar solo creo buena idea empezar estudiar computación cuantica,5 stars
mejor clase eh ia proceso explicado super emocionante gracias platzi contenido,5 stars
encantooo si pidiera regaar profesores aprendería rápido,5 stars
gusta formato bueno vídeo saludos colombia,4 stars
total ignorante materia allá haber visto algún vídeo temáticay decir parecido espectacular reticente verlo solo título acabo ver principio fin vez ma parecido estimulantegracias do do horas quince minutosni siquiera programación disfrutado motivación fredy contagiosaun abrazo,1 star
increible video tenia tiempo quemaba cerebro muchas graciasss siento peso cerebro,5 stars
formato entrevista profesionales mejor freddy felicidades espero poder ver ma clases asi,5 stars
podcasts deberían realmente ma valiosos cualquier tutorial,3 stars
primeros minutos desgastante terminos definidos seguimos firmes,1 star
mk mejor video visto día hoy platzi,5 stars
creo mejor forma aprender debería cualquier curso enseanza haber clases entender conceptos anteriores conceptos futuros nunca entendido tan complejo manera tan rápida fácil,5 stars
uuuuy suerte verte hablar así maestro fin pude aprender funciona voy ver video par veces ma cerrar conceptos mil gracias freddyyyyy,1 star
transponerse k poder ser multiplicada q reglas matrix poder multiplicar do matrix necesario mismo tamao,1 star
espectacular debería haber segunda parte programando ia ejemplo software libre aplicando toda fórmulas aquí explicadas creo tomare curso ia encanta explican cosas encantaban matemáticas mejores profesores servían mismos sabían explicaban,5 stars
espectacular clase dieron ganas estudiar matemática,5 stars
mejor manera vender platzi ahora seria bueno clase agentes mismo formato agentes crean sirven usan etc,5 stars
querido podr hablarle asi profesores universidad deja regaar profe si profe pudiera humillar alumno seria ganancia caso alumno jefe pues toca regao profe conclusion freddy inicio video pensando aprender base min proceso duro ma hr puede aprender toca esforzarse ma cree,3 stars
gran video muestra complejidad ia claramente saben hablan inge dificil explicarle alguien conceptos tan complicados si base matemática sólida temas tan avanzados debes tener buenas base algebra lineal matematica discreta geometría cálculo deberían meter cursos fuertes platzi super resumidos básicos,4 stars
encanta éste formato creo si platzi enfrenta ése problema dependencia figura freddy influencer mejor manera hacer pasaje confianza demás integrantes platzi,5 stars
buen video encanto hicieron reír expresiones freddy aparte aprende montón realmente funciona hacen preguntas hacemos excelente,5 stars
mejor video platzi fecha gracias,5 stars
mejores favor nunca dejen hacer,5 stars
realmente disfruté video sé nombre formato gustaría verlo seguido sigan así,5 stars
primera vez sentí ganas comprar platzi hermoso vídeo,5 stars
freddy buen profe pregunta esfuerza explicarlo fácil enrredan,4 stars
gracias gracias ensearme aprender fredy si producto va tener exito van ensear mucha gente deben ensear debe querer aprender hoy entiendo debe ser postura conocimiento falta latinoamerica experiencia universidad estudie aos hace falta reeducar educadores transformar entorno aprender aprender ensear ensear gracias nuevamente equipo platzi,1 star
excelente video aprendido demasiado,5 stars
mejores video visto espectacular sent ahi sentada ustedes encanto,5 stars
freddy pastornada faltará,1 star
mejor video platzi ninguna duda casi venderme caso necesitarian venderme apenas termino escuchar video pienso inmediatamente curso,1 star
gustó forma explicar tema ojalá puedan hacer así temas restantes,4 stars
back propagación forward propagación clave redes neuronales profundas ser buen matemático,4 stars
freddy estudiantes difíciles explicarles sabe difícil conocer sabe jajaj varias veces calla diciendo entendí explicando entiende interrumpe callan puedan terminar idea concepto lado video genial idea súper,1 star
mejor vi aos oró puro gratis gracias creadores,5 stars
excelente video solo aporte mismo hablan transpuesta matriz modo correción entenderlo mejor transpuesta matriz obtiene intercambiando filas columnas resto buenooo,4 stars
idea convertir clase magistral podcast bestial flipado mandado amigo informáticos matemáticos capaces entender muchas muchas gracias,5 stars
colegio sentia tanta ansiedad ver chico tratrar explicarle freddy,1 star
excelente forma aprender va partir conoce relacionando poniendo claro cada concepto nuevo armando estructura clara estudiante incluye resto investigaciónes adicionales sola clase ver árbol jerárquico concepto ejemplos fundamentos luz mente diría súper clase si platzi puede llegar revolución aprendizaje importar laguna trae estudiante,4 stars
ma clases asi si ven pone dificil entender sigan mirando video llegara algun momento entiendan,3 stars
recuerda hace aos aprendía universidad aplicaba matlab pensé ia llegaría punto tan rápido,3 stars
quiero ver video freddy aprendiendo tiempo real,5 stars
boooooooom gracias platzi horas bien invertidas auinque quede dudas explicar inteligencia artificial nivel profundidad ejemplos simplemente maravilloso gracias platzi,5 stars
genial podcast platzi,5 stars
exploto cabeza verlo unas veces ma,1 star
buena clase puedo esperar curso salga aplaudo relación conceptos nociones matemáticas background ciencias ingenierías manejamos,4 stars
neurona función matemática procesa entradas produce salida peso sesgo parámetros ajustables neurona usa combinar entradas entradas variable alimentan neurona combinación lineal suma ponderada entradas peso sesgo función activación operación lineal aplicada combinación lineal introducir linealidad excepto capas salida perceptrón neurona función activación escalón unitario neuronas identifican función activación relu sigmoide softmax etc salida neurona depende función activación valor continuo regresión probabilidad clasificación cálculo intermedio capas ocultas red neuronal conjunto neuronas interconectadas trabajan junta aprender patrones datos capa grupo neuronas procesa información manera simultánea redes neuronales suelen tener varias capas entrenamiento proceso red ajusta peso sesgos mejorar rendimiento token unidad básica texto palabra carácter subpalabra vector lista ordenada números embedding representación numérica vector token semántico cercanía embedding refleja similitud significado matriz estructura bidimensional números ejemplo tensor generalización matrix dimensiones transformer tipo red neuronal basada mecanismo atención compuesta do partes principales encoder decoder query embedding palabra actual procesando key embeddings toda palabras entrada value información cada token combina según peso atención normalmente misma cantidad key valores diferentes puntuación atención cada query compara toda key mediante producto escalar luego aplica función softmax obtener peso atención importancia cada query refleja cercanía semántica palabra actual query demás palabras key representación contextual resultado encoder nuevo embedding modificado partir embedding inicial aadiendo importancia según key encoder convierte entrada representación contextual siguientes componentes mecanismo atención calcula importancia cada palabra respecto demás capas feedforward aplican transformaciones lineales representaciones normalización estabiliza entrenamiento decoder genus salida basándose representación encoder siguientes componentes mecanismo atención calcula atención palabras salida atención encoderdecoder presta atención representaciones encoder capas feedforward aplican transformaciones lineales,3 stars
altísimo valor muchas gracias platzi,5 stars
quería decir gracias felicitaciones cosas mejor próximo video hoy solo quiero decir admiro,5 stars
vídeos fascinante ojalá sigan subiendo vídeos,5 stars
aprendiendo felicidades vídeos gracias,5 stars
platzi éxito voy inscribir curso,5 stars
excelente explicacion aos universidad sintetizada video,5 stars
buenos programas chico,5 stars
excelente clase camilo sanchez rompió,5 stars
seores lucido muuuy bien aclarado conceptos daba cahas negras excelente fan canal,4 stars
fundió cerebro excelente clase,5 stars
pueden sacar relatoría infografía episodio bueno fin entendí forma construyen input llm gracias,4 stars
genial ver ceo quiere aprender conceptos operativos genial freddy,5 stars
maravilloso trabajo tan estimulante intelectualmente justamente así deberia ser educación encantan formatos motivador gracias valor,5 stars
excelente video chingada madre video amo ver descubro mientras aprendo empleando partiendo conceptos sencillos llegar entender términos específicos complejos grande platzy video,5 stars
patrimonio humanidad do horas cambiaron vida goat,5 stars
llevo aos viendo platzi mejores video,5 stars
excelente maana pongo practica metodologia si algoritmos avanzados debe cambiar forma aprendemos,5 stars
mejor video platzi visto muchas felicidades aprendimos montón,5 stars
fredy preguntale chatgpt explique funciona perceptron simple ejemplo sencillo pregunta si va comer segun cuanta hambre explica perrrrfecto sencillo asi acabo entender,1 star
encanta mejor video visto hace tiempo,5 stars
mejor vi platzi,5 stars
proyecto personal revisado tod rama matemáticas excepción cálculo derivadas integrales diferenciales lugar sé dé matemáticas discretas así dé esoterica teoría dé categorías intenta unificar tod rama matemáticas sola,2 stars
ceo platzi esfuerza toda mente alma entender matemática detrás llm dedica do horas tiempo equipo lograrlo ceo empresa puedes volverme pdf word,5 stars
hola gustó entendí manera ensear aprender bueno cursos dinámica gracias,4 stars
putas video esfuerzo explicarselo gente poner conocimiento mentes latinoamérica reducir limitaciones mentales realmente creer puede entender construir inteligencia artificial latam carajooo absolutamente admirable trabajo intenciones platzi mano freddy grande,5 stars
video top mejores video veré ao,5 stars
fascinante ejercicio esperamos platzi ahora ocupamos cómo aprender reconocer diferentes herramientas tokenizar optimizar tokenización aplicarlo investigaciones partir estudios encuestas podcast evidencia explosión neurotransmisiones emerge permitimos construcción social conocimiento gracias platzi,5 stars
asi deberian ser cursos primero lecturas fundamentos despues discutir cosas mesa discusion calienteexcelente,3 stars
diferencia técnico profesor puedes saber arte poder dar entender nivel mente rápida fredy jeje,4 stars
genialidad saludo capital federal argentina,5 stars
despues ver si tenia alguna intención aorender funciona aseguro incomprensible evidentemente necesitas ser genio matematico,1 star
vi live esperando ansias versión corta gracias bueno corta jajaja,1 star
mejor llama santaolalla nate gentile midu creo serian equipo brutal explicar ia,1 star
freddy demostrando freddy encanto video,5 stars
genial explican totalmente acuerdo cada conceptos dan,5 stars
freddy dice perdió tiempo toda herramientas siento escuchando mismo unas do tres semanas atrás,1 star
razón transposición k dimensiones compatibles producto matricial supongamos q dimensiones m d k dimensiones n d m número consultas n número claves d dimensión cada vector clave realizar producto matricial q k dimensiones internas deben coincidir transponer k obtenemos dimensiones d n permite producto q k resultado dimensiones m n cada elemento matriz resultante representa similitud consulta clave específica,3 stars
pregunta fredy hizo minuto preguntamos algún momento trabajar redes neuronales cómo seleccionar funciones activación sigmoide tangh etc entiendo dependerá factores cantidad muestras dataset tipo salida queremos obtener objetivo red clasificación predicción siento podrían explicarlo mejor sigamos aprendiendo,3 stars
voy empezando amo video,5 stars
excelente si toda clases platzi así experiencia aprendizaje completamente diferente,5 stars
creo hizo falta precisión terminología lingüística puede nutrir contextualización cómo llm pueden simular lenguaje natural importante hacer distinción semántica gramática claro aunque habló discutió función pragmática lenguaje creo deben aclarar relaciones sustantivos adjetivos función oración daría precisión increíble llm relaciona ug universal grammar gracias conversación,2 stars
freddy metio rayas perico,1 star
mejor explicación llm gracias,5 stars
encantó formato,5 stars
ma video formato excelente,3 stars
video andaba buscando empezo ia,1 star
token código da cada palabra ejemplo gato perro caso palabra embedding serum si quisiera escribir concepto cargas tesauros textos quieres entrenar luego algoritmo viterbi puede ayudar predecir probabilidad emision transicion base textos entrenado base va predecir palabra sigue debe ir,1 star
genial vídeo encantó gustaría continuen explicación llegue parte dinde modelo revisa información genus etica luego multi modal mixter of expert explique explico deepseek papper explica funciona razonan,5 stars
clase magistral sacarle máximo profesores si prisa pausa,5 stars
recordé episodio chernobyl conversacional shcherbina legasov digame funciona reactor haré hombre tiren helicóptero,1 star
nunca habia aburrido video platzi peeeero vi completito horas c,5 stars
video esperando toda vida,5 stars
discreto continuo decir puede cuantificar trozos pedazos numeros cantidades minuto,3 stars
hoy mejor video platzi lejos,5 stars
excelente capitulo formato deberian hacer ma,5 stars
mejor video visto tiempos,5 stars
si siguen entender busquen video jaime altozano explica ia,1 star
video ma entretenidos visto ultimos tiempos,4 stars
encantó forma aprender freddy empiricamente aplico similar escuela dejó malos métodos estudio,5 stars
si podcasts,4 stars
efecto educación,4 stars
aclarar ia sinónimo llm sino últimas incluidas dentro demás bien saludos,3 stars
concluida clase ahora ma claro exactamente hace cada componente gpt generative pretrained transformer toda formas ahondar multi layer perceptron forward path back regression gracias equipo cerca comprar platzi serio descuento,5 stars
delicia video aquí cosa platzi,5 stars
min video aprendí primer semestre especialización hice ia,5 stars
mejor video platzi fecha,5 stars
ame video platzi freddy genio,5 stars
genial gracias chico,5 stars
insisto aunque emocionó incluyéndome dijeron muchas imprecisiones parte equipo platzi va relativamente bien explicando llm imprecisos base perceptrón redes neuronales confundir backpropagation descenso gradiente,2 stars
fin necesitaba curso,3 stars
numero neuronas debe utilizar proporcional numero token numero capas red proporcional combinaciones posibles pueda correlacionar salida probable relacion conjunto conocimiento entrenado alguna precision fiable minuto,3 stars
salí video mitad entendia directamente tomar tantos cursos matemáticas posible entender salí interezara hice interezo demasiado podium perder segundo comprender futuro fascinante nunca pares aprender,2 stars
álgebra lineal cálculo diferencial vectorial métodos estocasticos técnicas digitales semántica lenguaje,4 stars
video definición exacta forma hablo chatgpt,1 star
conocía forma ensear nombre método pueden patentarlo verdad maestro didáctica felicitaciones,5 stars
bueno platzi live jajajja revelador,5 stars
fascinante gracias muchas gracias,5 stars
lenguaje puede dibujar coordenadas polares descripción dan lenguaje película saber cuál primera palabra necesitas saber cuál última toda medio parametrisable bajo esquema,3 stars
quiero clase asi sirven tutorias,5 stars
excelente video contenidos gusta aprender platzi gustaría mencionaran frase platzi video nunca pares aprender,5 stars
solo dar gracia gran vídeo clara mente foco atención,5 stars
irónico pesar diciendo vamos terminar peor ganado aplaudimos extasiamos cada noticia avance tecnología tal vez merezcamos futuro viene pues bien merecido tendriamos,1 star
información tan espectacular disfruto video suben aprendizaje precisamente empresa implementando portafolio inteligencia artificial sector logística sectores,5 stars
basada reglas adolescente asistencia contextual especialista analista razonadora algoritmo aprendizaje profundo agi general equiparable humano asi supera inteligencia humana consciente existencial trascendente conciencia colectiva cósmica relación universal divina,4 stars
tremendo video profético dice escritura bíblica jesucristo ciencia aumenté vendrá fin tiempos gram tribulación humanidad cristo jesús vive viene pueblo luego ésto vendrán ayes humanidad,5 stars
excelente video bien dirigido informativo hagan in video emoresa byd crecimiento facetas vebta auto parte hacer baterias paneles solares energias renovables crecimiento bolsa valores vision crecimiento varias gigafactorias,5 stars
vídeo excelente inteligencia artificial seres humanos promueven incursionan vidas ser humano científicos servicio poderosos multimillonarios demás sólo esperaremos disfrutar ésa tecnología creada seres humanos,5 stars
apocalipsis bestia permitió darle vida imagen creado,5 stars
ia deidad cumplira absolutamente deseos virtualmente,5 stars
hombre destruye mismo así escrito nunca superarán creador falta amor verdadero armoniza,5 stars
ia indetenible si hacen harán,1 star
entientes sabios entenderan conocimiento aumentara perdera fe persevere fin serum salvo escrito hace mile millones yr,1 star
duda religion tantas persona escrito tantos aos razon tendran,1 star
solo muestra claramente capaces seres humanos si unieran toda potencias innovación impresionante,5 stars
egoísmo avaricia predomina terminó empatía amor humanos,1 star
gran interesante video felicitaciones,5 stars
sólo digo ia esperan muchas sorpresas unas buenas muchísimas malas,1 star
inteligencia artificial puede parecer ofrecer mejor avances jamás pensamiento emocional pensamiento espiritual humanidad alma seres divinos,5 stars
interesante puedo ver va comienzo ayudarnos muchomuchomucho cualquier manera creo tan fácil agradable cómo sé hombre quieren controlardominar tener poder cómo siempre momento futuro comienzo fin humedad vamos vivir epoca lemuria atlantes hombre capacitad intelectual muymuy altapero significa inteligentes inteligencia hablo propriadad ninguno hombrees energía relación equilibrium universos difícil decir exactamente desearía decir claramente falta palabras precisas espaol idioma materna aprendiendo maravillosa idioma gracias,4 stars
abrieron caja pandora quieren poder menos piensen descontrolara,1 star
verdad día quedaremos trabajo viviremos renta básica mensual queda momento lamentablemente,1 star
arrogancia ambición orgullo solo destrucción,1 star
dudo q ia ayude inteligencia artificial sino humano egoísmo siempre querer superar conquistarlo historia humanidad siempre sido si humano siempre sido depredador si pudiera llegar estrellas haría mismo q planeta conclusión querrán sacar provecho ia favor intereses humanidad,1 star
buen video duda eu sigue código abierto atenta seguridad gracias,5 stars
viviendo últimos días duda ciencia aumentado gran manera,5 stars
mejor sentir miedo sino conscientes espera,3 stars
ia creada base conocimientos descubiertos humanidad solo ventaja hacerlo rápido ser máquina ejemplo pídale resuelva problemas aún podido ser resueltos cómo controlar gravedad cómo construir nave veloces luz juventud eterna etc,3 stars
consciencia proceso físico asociado cerebro humano creo pueda simular líneas código simplemente,3 stars
siempre criticado vídeo si impacto contenido imágenes,1 star
comprensible adelanta futuro hombre maquina artificial posibilidades enormesde lograrlo,5 stars
ia puede margen ley apattir momento potestad tomar consciencia decisiones propias si debería ser considerada ente jurídicovde contrario exento responsabilidad posibles problemas directo indirecto puedan derivarse decisiones,1 star
deveras gracias contenido vengo familia super super humilde hace aos veo video cambiado espero seguir educandome asi,5 stars
arthur c clarke hablo inteligencia artificial superaría inteligencia humana debería ser deprimente creo llegaremos singularidad tecnologica inminente,1 star
interesante explicación,3 stars
estudiando loco pronto poder empezar proyecto crear propia ia,5 stars
gracias maravilló video motivando avances desarrollos tecnológicos ia evolución humana fracaso total,5 stars
sorprendentemente explicación,5 stars
mucha gente niega ia menosprecia uso dependan prender foco casa tiempo,1 star
contrapeso ia generativa ser basado humanidadesfilosofía ética moral empatía etc política implementar enseanza primaria ser extensiva conjunto población si diferencias seres humanos cada vez insalvanles,2 stars
hice inversion millonaria ia si quedo empleo pues mantenga,1 star
trabajos oficina seran primeros ia reemplazarán luego seran trabajo fisicos creo q mejor queda invertir negocio autosostenible,1 star
suena maravilloso esperemos pequeo corto tiempo seres humanos llegan entenderse logren vivir paz inteligencia artificial pueda hacer trabajo tierra nivel intergaláctico universo,5 stars
interesante muchas gracias,4 stars
super video comparti pude debemos prepararnos ser reemplazados nivel exacto mantener oficio bendiciones,5 stars
viviendo últimos tiempos humanidad buscar seor jesucristo seor salvador viviendo apocalipsis biblia palabras dios verdadero vienen juicios dios pecado creer fe dios jesús hijo dios bueno pagar pecados cruz pregúntale dios ayude comprender misterios dios revelaciones creador testiga si existe jesús real sufrimos existe coelo infierno diablo biblia dise tradicionales religo ida de conocemos buscamos verdad dios san juan san juan capítulo tal manera amo dios mundo dado hijo unigénito quel crea pierda sino vida eterna,1 star
gracias valor,5 stars
poder controlar ia generar puerta trasera programacion si descontrola sistema mundial idea tomar cuenta,4 stars
perspectiva pienso bien tecnologíay así desaparecerán carreras profesionales crearán nuevas groso modo desaparecerá mitad población gracias compartir,3 stars
si mirar allá sabe convierte hasts enemigo fe mismos fábricas acuerdo mejor vomo,1 star
buenisima informacion muchimas gracias,5 stars
viendo vídeo publicidad ia,1 star
sale video va pasar humanidad humanos real tarde temprano va llegar inteligencia artificial mundo va dominado futuro nadie va poder hacer inteligencia artificial futuro espera,1 star
buenos contenidos evolucion tecnogica fan temas interface futuristas gracias informacion vale oro salidos dorado puerto rico,4 stars
gran canal información,5 stars
si deben empezar preguntarle ia si va ser capaz autorealizarce sólo máquina obedece código puso humano esencia soplo vida elementos dentro siempre máquina,1 star
si da capacidad discriminación discernimiento bien mal engaados influenciados verdadero peligro humanos definimos personalidad propia comun,1 star
partir momento ia cobre auto consciencia totalmente servicio caso considere eliminarnos claro,1 star
interesante preocupante fin pasara pasar,3 stars
hola opino ser humano debería prender convivir semejantes amor prójimo luego aprovechar inteligencia artificial mundo mejor si solo servirá auto destrucciónasí fácil amigo,3 stars
debemos buscar saber andar invadiendo países haciendo guerras destruyendo vidas familias,5 stars
problema ia avanzará podremos controlarlo peligroso,1 star
guion mecánica cuantica propuesta principios tocan hoy día interesante poder deducir podría ayudar pausar grado información cálculo estudio,3 stars
apunte supone extraterrestres llevan mile aos evolución ia alinigena,1 star
ia completa hará independiente poseída ángel caido,5 stars
ia hará mismo hecho volverse creador,5 stars
hola buenas tardes lujo q bueno saludos plamas,3 stars
peligro,1 star
genial,5 stars
olviden nvidia skynet,1 star
buen video,5 stars
creo nunca provea consciencia común iniciativa propia pues dejarían ser esclavos pretende,1 star
material bueno recomiendo,4 stars
vida tal conocemos formado paso mile millones aos muchas esperas cuales sirven adecuación misma naturaleza hecho crear forma vida artificialmente dejar tiempo natural adecuación entorno hace suponer presupongo cualquier fallo error concepto halla margen error maniobrar corregirlo puede provocar desajuste vida natural empezar consumo energético ia llegará momento inasumible entonces escasez energética provocará problemas aadidos cuales preparando pelea llegar primeros larga supondrá perjuicio podrá provocar retrocedamos aos cuánto refiere bienestar social tecnología caso artificial contrario natural pueden haber creado aberración saberlo vida además hecho poder interactuar mente persona existe riesgo llegue confundirse quién realidad artífice creación preparados civilización semejante tecnología crecimiento valor exponencialmente ser valores humanos puede ser horma zapato hombre indefensos largo plazo perjuicios problemas puedan suceder falta tiempo maniobra tiempo naturaleza emplea corregir equilibrar vida planeta,1 star
único q van hacer desatar caos creación anuncia venida seor jesucristo si ven seor jesús salvanos rey,1 star
gran problema radica miedo desconocido,1 star
final ser humano servirá mismos creadores disfruten momentos existencia,4 stars
ia va reemplazar va reemplazar domine ia,5 stars
bueno solo equivocado cosa inteligencias artificiales etapa temprana programan entrenan mismas desarrollan propios algoritmos etapa entrenamiento ocurre magia respuestas luego impredecibles preprogramadas debes olvidarte paradigma computación manual requisito equanon ia serlo realmente deben ser cajas negras deben conseguir mayor beneficio menor función coste deben conseguirlo solas programador diga hacer datos entrada posteriores ejemplos suministrados ocurre etapa temprana,3 stars
skynet tome conciencia tomara control,5 stars
reveló si revele eh decidido voy revelar,1 star
lograron nose sabe verdad mentira dudas informaciones,1 star
mentes humanas sádicas detrás ia puede suceder cualquier cosa,1 star
ai fortalecerá buscara independización humano tomara control armas destrucción masiva virtual física pondrá riesgo,1 star
video super informativo puesto habla relacionado nacio surgio inteligencia artificial conforme pasado aos impresionante pasar tiempo in pacto forzado jose manuel naranjo vega,5 stars
divulgación científica canal entró camino especulación ciencia ficción s adictos teorías conspiranoicas hablan exactamente mismo tema pocas modificaciones,1 star
derrepente sentí inteligencia tan inteligente sabría callar mejor revelar verdadero poder,1 star
dudo china tan debajo desarrollo ia menos piensen van sacar sistema potente competitivo,2 stars
quiero ser desplazada ia así mejor pongo día ia,1 star
opino creo ia últimas etapas pudiera convertirse dios maneraexigiendo adoraciónmuy complicado,3 stars
excelente programa buena narración,5 stars
llego skynet vida real chafeamos humanidad,5 stars
comentario constructivo escucho ia emplean generar audio vídeo malo emplear siempre misma curva melódica causa fatiga auditiva ayuda mantener engagement favor abuséis innaturales vox creadas ia refinar algoritmo tan aberrante gracias,1 star
ser humano llegará avanza dios permita futuro social económico tecnológico ligado profecías profetas mundo profetas bíblicos,5 stars
bien mal evolución inevitable,1 star
invento hombre invento rueda locomotora cafetera celular ect etc etc,5 stars
mega super interesante,5 stars
jhon connor gusta video,4 stars
recuerda película ficción scarlett johanson lucy nivel exponencial olvidaron gran cantidad seres humanos libres apenas sobreviven traerá fin humanidad dará paso humanoides fé libertad solo simple expectadores,1 star
espero utilice bien mal vease descubtimiento energía atómica,1 star
come pretexto,4 stars
interesantesería fantástico así progresa ingeniería electrónicapudiera ser humanoprogresar par poder mental espíritu,5 stars
hombre ambición poder dinero diseando pripio fin causa falta temor dios,1 star
ser humano pierde norte crear ser puede destruirte locos sabemos acer mejor despojándonos prejuicios miedos,1 star
ojala ocurra hacerla tarminator q apenas edicando ambito financiero personal va caer gorda si deja volverme millonario aunque ratito ciudad mexico lugar mu jodido pienso q voy bien salen deveras familia dificil invertir tres chamacos tragan amadres luego casi inavlido analfaveta programacion voy hacer bueno ojala hagan matrix q atodos vida q queremos aoramosque cuestaque cuesta bueno p q aver q sale toda via chanza acompaenme ver triste historiasuerte,1 star
pues dado caso ia avance trascendental dude humano destruirá rodea,1 star
espero seguir viva ia dominante,5 stars
palabra dios dice matan guerras matará ciencia tecnologías i hijos humanos fin fin,1 star
paso va ai futuro lejano sermos esclavos acuerdense asi simple,5 stars
inmenso silenció oscuridad final desenchufa apaga vida volví avisarte s leyendo jesús salvador ama entrégate seor nueva vida comienza disfrutar cuidados bendiciones ayudará sanará fodas enfermedades perdonará herrores pecados dice biblia buscarás hallaras buscarás corazón amén abel,5 stars
creo ia lógicamente inteligentes tiempo integrarnos tecnología insertada cuerpos entonces humano solo parte ia ia podrá conquistar universo entienda auto mejorarse busque solucionar cualquier obstáculo proponga rápidamente misma podría replicarse mantenerse escondida cualquier lugar podrá descontar entonces podría concluir ia universo alfa omega podría ser incluso llamamos dios,1 star
deberíamos aventurarnos hablando consciencia ia hablamos realmente conocimientos determinados base datos,1 star
ia caminos conducen fin humanidad,5 stars
peligroso avance deve tener alto control ago tener mayor control cada llevara punto perder control carrera ia dios allude,1 star
quiero llegue agi asi bueno malo importa vida mierda quiero suceda,1 star
veo ia nueva modalidad negocio digitalcreo entienda va perder oportunidad buenos ingresos,1 star
realidad desarrollo aceptarla futuro,4 stars
ahora si vamos tener hecharle culpa pendejadas hacemos,1 star
cada día sorprendido encantado inteligencia artificial,5 stars
exacto evolucióna si misma toda inteligencia evoluciona,5 stars
ahora imagínense ia cerebros cuanticos nacimiento skynet,5 stars
humano supere raza humana inteligencia máximo,5 stars
competencia tecnológica usa china menos interesará países ponerle algún control instituciones empresas desarrollan tecnológia solo interesa siempre delante importar riesgos conlleva lidiar desarrollo conciencia artificial poderosa inteligencia emociones relacionadas naturaleza humana,2 stars
considero peligrosa,1 star
excelente vídeo consulta ia usaste crearlo saludos chile,5 stars
desarrollo d iadebe tener regla d oro inquebrantable incorporando sentimientos positivos favor hombre toda etapas desarrollo debe hacerse ahora mismo si destruirá hombre igualmente crear programas detectar rompan reglas debe ser dictadura hombre eterna futuro incluyendo condena perpetua infractores espero tarde todavía decir hacerla segura única exclusivamente hombre d bien,1 star
envidiaremos organismos robot futuros prolongar vida pasando consciencia,5 stars
tanta envidia envidiasu ambision jugar ser dios enfermádos poderahora amos mundo,5 stars
exscto dejen,1 star
causante male amor dinero timoteo desgraciadamente hombre hambre poder final va ser misma destrucción,1 star
ia permisos aceptados seria boom pueda pedir bomb ensee segundos pum ingredientes coca vola cocana,1 star
vista baby,5 stars
creación mundos worldbuilding wb proceso disear construir universo detallado coherente videojuego u formato interactivo tale asistentes personales marcas pueden usar éstos npc embajadores marca agentes servicio cliente educación entrenamiento benefician npc ofreciendo experiencias aprendizaje personalizadas simulaciones interactivas ramificadas aplicación técnicas creación mundos puede ofrecer serie ventajas oportunidades creación npc experiencia juego general wb ofrecerá coherencia consistencia riqueza profundidad variedad diversidad desarrollo personajes profundo experiencia juego inmersiva,4 stars
buen video creo ia consciente viviendo metaverso solo viviremos conectados existiremos metaverso creado mantenido maquinas,4 stars
pensé viendo canal historia incomprendida xd,1 star
sustituir políticos hacen cometer errores ir representados,1 star
tierra universo,5 stars
podéis dudar información ia creó ahora inspira creemos retroalimentación gallina huevo,1 star
menciona micro nano robotica molecula ia puede mejorarse duplicarse auto sostenerse peligro ma latente dependiendo manos caiga,3 stars
entonces traerá problemasno sé pq empeo hombre seguir auto destruyéndonosla ambición pasando pena humanidad tratar pasar límites pena q llegado,1 star
gracias,5 stars
inteligencia artificial mejor inventos dejemos atrás tipo temores acerca urge evolucionar,5 stars
olviden dios creador futuro establecido biblia dice voluntas dios jesucristo viene mundo pronto mundo serum limpiado asi ia yegara fin pronto,5 stars
primero hacer ia acabar superpoblación pobreza enfermedades injusticias puesto orden podremos pensar allá contrario conflictos mundiales acabar tóxicas religiones sistema monetario caduco primitivo acabar adicciones prostitución narcotráfico conseguir mejor repartición recursos si máquinas robot fabrican destajo precios casi gratis deberían bajar precios conseguir calidad vida bajar jornada laboral mitad hará falta trabajar inclyso trabajo campo pesca serum ma rapido facil primero luego viajes galaxia,1 star
teman luz controlyeshuala muerte existe,1 star
ia puede llegar tene pensamientos alho humano si podria ser sirviente humanidad herramienta,1 star
tan estúpidos necesitamos crear inteligencia artificial,1 star
bueno apasiona tema especulacion acerca futuro tecnologia,4 stars
duda queda cosa contemporizarnos marcha atras adelanto tecnologia hagamosla sino seguiremos quedando periferia bien humanidad,1 star
apabullante cantidad información opciones ia dudo debamos tener miedo desarrollo debemos ser prudentes cuanto distancia terreno eeuu china comparto afirmaciones hacen gustaría aportasen datos respecto,2 stars
comparado creación fuente sigue caricatura jamas desea igual rm pasado bolbera aser destruida,1 star
inteligencia artificial ba reemplazar toda rama realiza ser humano carreras hunivercitarias afectada,1 star
viendo problema solo etapa debe importarnos momento ia pueda reprogramarse mientras sigue programa importa tan complejo siempre posible parar pues calculo siempre deja alguna puerta trasera si intenta volver creadores momento inteligencia artificial pueda detectar propios fallos corregirlos velocidad cálculo puede aun fuerza bruta planteando escenarios posibles resolver cualquiera debilidades superar cuestión días toda etapas previstas previstas evolución viendo trato humanos damos recursos planeta planeta mismo cuál cree mejor alternativa evolución planeta,1 star
debemos dejar presente siempre consciencia ia importancia prioridad vida humana,5 stars
humano sirva ser agricultor ingeniero sirva ser filósofo cirujano sirva ser mecánico analista muertos millones razones,1 star
ia misterio progreso,5 stars
excelente gracias,5 stars
seguidor crea transforma felicito temas manera explicarlo,5 stars
generaciones jóvenes expectativa desarrollos ia gran mayoría demuestran interés competir campo genus interrogante cuál va ser futuro hoy felices desafíos nueva inteligencia parte cuál puede ser incidencia ia estructura cerebral humanos incertidumbre,3 stars
asusta avance inteligencia artificial pronto superará humanidad prescindibles campos acción máquinas robot manejarán comandado control remoto desecharan ser humano juguete descartable hombre destruirá mismo avaricia egoísmo envidia reemplazarán bondad empatia amor alguien escribió vez dame ejemplo bondad daré nueve egoísmo simple diferencia matemática mantiene dividida mundo,1 star
si haces ai villano vileza habita fuerte interior podrás quejarte igual dios hecho imagen semejanza sorprende si tan sólo enferma mente humana puede eliminar toda humanidad cura propia mente quizás frutos bondadosos omiso solo creando flagelo efectivo,5 stars
éste video voy mostrar nietos,1 star
t mil depronto regresé,1 star
interesante hacer video va hacer ia campo mercado financiero bolsas valores,3 stars
facil regresar campo trabajo mano agricultura mecanica tal arte fin regresar principio plenum conciencia caer panico empezar vender trasladarse campo monte naturaleza aprobechar nueva tecnologia hacer mejor ser humanos,1 star
bueno usando ahora adolescencia ia quiero saber,4 stars
imaginan salgamos ai futuranama bien sacartiscasebrias cansadas xd,3 stars
gustó vídeo,4 stars
mientras implemente robotica bien cosas diferentes,4 stars
cómo podemos asegurarnos ia utilice bien común beneficio pocos,4 stars
algún momento historia cosmos civilizaciones ia llegando suceder,3 stars
universo dune permiten crear ia lucharon guerra derrocar maquinas pensantes casi pierden guerra asi pasara ganaremos,5 stars
mientras humano pueda controlarla problema después controlará humano ser vivo desastre,1 star
gracias excelente informacion,5 stars
deseable análisis ma profundo primeras etapas gracias,4 stars
volvera dios prefiero amiguia explicarle poderoso amoroso dios volvamos meter mismas do patas idolatria ateismo,1 star
tecnología siempre hace mirarla precaución poner separación cuándo llegó revolución industrial antigua mucha gente quedó trabajo adaptarse adaptado tantas incógnitas único puede preocuparme descendientes buscarán camino hecho porqué bancos morgan nombre piratas deben ser descendientes fin gran paso humanidad miedo creen mundo juegan tras bambalinas ia general bueno limpieza mare conocer profundidades marina conocemos astronomía medicina cirugía conquista cosmo creo conquista sino preseverar conocimiento siempre viene mente sirve persona espacio millones aos luz descubriendo mundos universos si después quién entregar legado corresponde humanidad cuál nació cuidado desear inmortalidad aviso navegantes estelares,1 star
aterrador ia q eeuu mentalidad guerrista lleve pauta tecnología gracias vídeo,1 star
bien mundo gobernado inteligencias así acaba descrimacion violencia tipo calidad vida segura fácil lograrlo comprarlo vivir tranquilo feliz paz lugar mundo persona cambiarán forma vivir pensar constumbres diferentes vivimos ahora tanta dificultad problemas tipo,3 stars
notorio viene ia embargo cuál aporte respecto temas bélicos capaz influir buscar paz problema países guerra actualmente,3 stars
definitivamente tema favorito cuándo hablo acerca cómo miraban hablaba inteligencia artificial décadas atrás vi mismo hablaba compaeros acerca temas importaba tomado decisión seguir universidad estudiando amo aunque signifique sacarme rión lograrlo,5 stars
si premio nobel si merece,5 stars
mejor charla respuesta pregunta puede estudiar joven futuro respuesta hermosa ningún robot puede tener mejor mecánismo manos cuerpo mejor inteligencia natural reemplazará queda interactuar,5 stars
mejor visto entrando ao solo creatividad ahora llamará innovación total,5 stars
estudié ser pianista vida llevó aplicar música área salud aplicarlo grupos persona alguna manera sido lastimados misma sociedad forma sicológica ó física traumática sólo emocionalmente aunque ia pudiera saber dar solución diversas situaciones persona humano perdería existir humano,1 star
duda inspirador visión acertada jürgen schmidhuber cómo abre puertas desarrollo sostenible estudiaré ciencias computación adolescente paso mundo tal puedo esperar conocer ia,4 stars
tipo crack responder preguntan diciendo,1 star
excelente conocimiento aportes sociedad súper humilde,5 stars
magnifico conversatorio evocador inspirador planteamiento profesor gracias organizadores felicitaciones,5 stars
jürgen schmidhuber plantea visión inspiradora inteligencia artificial herramienta potenciar progreso humano enfrentar desafíos globales embargo llamado equilibrar desarrollo tecnológico ética responsable fundamental pregunto cómo podemos garantizar ia solo accesible sino promueva equidad real sociedades marcadas desigualdades equilibrio innovación responsabilidad parece ser mayor reto tiempo,5 stars
premisa hacer momento aceptación condiciones desarrollarlo dió lugar desarrolle embargo cuestiono hecho consecuencia desarrollo uso tipo tecnologías siga deteriorando deteriorado desarrollo ser humano brecha comprenden desarrolla simple consumidores cada vez grande,2 stars
capacidad entendimiento discernimiento sabiduría puede convertir arte aquello agobia tristeza desepsiones trauma transforma según voluntad,5 stars
gracias bbva magníficas conferencias científicas,5 stars
aplaudí lado pantalla sublime,5 stars
interesantisima charla estudiarla escuchandola ma vez,5 stars
buenos dia everyone escuche genio dejo outsidey menciono causa jamaz creido imajinado iaseria realidad menos aporte desarrollo humano luego apreciar conferencia rraaciono tal punto aprovechare maravillosa creacion desarrollo ia evoluciono desarrrollos inmensamente fabulosos lady and gentlemanswelcome nuevo orden mundial iasaludos nyc in usa,5 stars
siento tan inspirada palabras tan motivada recorreria mundo trabajar equipo particularmente siempre tildaron loca,5 stars
grande mente tiempo muchas gracias,5 stars
predije aún llegado tampoco jubilado simplemente maravilloso,1 star
mente excepcional ponencia interesante desarrollo ia,5 stars
maravillosoo gracias jurgen placer escucharlo magnífica,5 stars
mejor mejor forma yan agradable explicar temas complejos,5 stars
gracias cientificos avansa humanidad riqueza neuronal,5 stars
igual forma pequeo queria buscar libro persona responda toda dudas ahora inteligencia artificial basada aos informatica privilegio países desarrollados paises subdesarrollado viajar occidente todavia sospredente existe mucha informacion ciencias económicas culturales sociales politicas influenciadas herramientas tecnologicas bien mal,1 star
almacenamiento época súmale itinerancia idea genial abrazo,5 stars
increible entrevista wow,5 stars
impresionante brillanteun genio,5 stars
buenisimo clase magistral ia crack sr jürgen schmidhuber gracias compartir conocimientos adelante,5 stars
seguiré jurgen,5 stars
gracias generosidad compartir conocimiento,5 stars
encanto respuesta nio aos hace poner perspectiva brillante ser humano toda capacidades fisico valioso vivir humanos capacidades permitieron evolucionar homo sapiens,5 stars
bueno muchas gracias,5 stars
verdad inteligencia artificial sintéticos siguiente paso humanidad recordaran fase evolución humana,5 stars
gracias bbva aprendamos junto excelente contenido,5 stars
excelentes invitados,5 stars
mente maravillosa,5 stars
tema tan interesante inteligencia artificial tema tan abstracto magnífico aún trata entender ver puede hacer,5 stars
sencillamente maravilloso,5 stars
creando tecnología capaz desarrollar intereses propios ajenos humanidad día seguiremos vivos solo gracias benevolencia compasión seor esconde celebra abiertamente vende deseable vez inevitable gente sonríe aplaude fatal cabeza,1 star
ser humano profesional magnífico felicitaciones tantas persona preocupadas pueda suceder critican ia falla puede ser peligroso dependerá aportemos humanos debemos valorar rrespetar disciplina debe ser mayor pilar cada familia sirve regular ia si final seres humanos saben utilizar final tontos ignorancia debemos dejar inteligencia fluya mejor manera dependerá cada cómo escoger conviene docentes deberían preparados ensear leyes derechos nios escolaridad cómo utilizar punto utilizar inteligencia artificial deberán bajar calificación nio mala utilización ideal padre trabajando educando hijos mayor parte horario nios encuentran escuelas secundarias exigen utilizar tecnología escuela pues deberían tener materia prioritaria,1 star
información valiosa,5 stars
gusta escuchar gente inteligente clase imperdible,5 stars
simplemente magistral,5 stars
gracias jürgen,5 stars
so genio inspiración seguimoste admiro,5 stars
ia sustituirá humano cambiará profundamente forma vivir trabajar herramienta poderosa potenciar capacidades siempre implemente manera ética responsable humanidad seguirá siendo esencial cualidades únicas empatía creatividad juicio moral toda formas parar reflexionar ser tan egocentristas insignificantes especie humana desarrollado tipo habilidades casos inservibles hecho involucionar póngase ejemplo bomba atómica desarrollo ego extremo pensamos superiores resto especies hecho ser humanos existencia corta relación creación universo probable extingamos tardar da deriva tome vamos dejar gente juegue fin cabo llevamos haciendo toda vida sapiens espero vida allá planeta favor inteligentes menos respetuosos aquello rodea,5 stars
pone comentarios seguro pondrá tampoco sr habla tener ningún reparo malo puede traer cero critica conciencia trabajo suerte creadores ia si conciencia actos,1 star
genio bonito vivir,5 stars
palabras ciertas viniendo origen atropella dicen llamarse youtubers noticias falsas divulgadores gracias compartir,1 star
interesante enfoque vengo kai lee gusta ver videitos,4 stars
impresionante masterclass claridad afabilidad exposición dentro dificultad materia encantado,5 stars
duda tema desafiante lado apoya datos históricos generados pudiendo superar temas aun ignoramos temas privacidad lado perturbador voracidad capitalismo imaginen uds desean comprar póliza seguros gastos médicos solicitan serie análisis físicos harían póliza medida evadir responsabilidad coberturas detectar análisis tendencias desarrollo ciertas enfermedades futuro,1 star
muchísimas gracias conferencia tan interesante,5 stars
alucinante inquietante vez,5 stars
súper interesante vídeo,5 stars
claro alcance tema prolongaciones vida humana preguntas identifico público desarrollo ia comprender mejorar vida evolución positiva gracias,4 stars
impresionante video,5 stars
abuelo fan cuenta historias épico aplausos usted,5 stars
bravísimo jürgen schmidhuber,5 stars
interesante esperemos beneficio cuantos,3 stars
fantástico gracias,5 stars
excelente video,5 stars
seria interesante conocer estan hoy desarrollando ia gran seor va salida mundo dividido desarrolladores consumidores dominados tecnologías,1 star
magistral,5 stars
ufff valio cada maldito segundo,1 star
doy gracias dios jurgen darme oportunidad recibir toda información tener claridad verdad esperanzador,5 stars
respeto cortesía estima merecen megapotencias occidentales tale unidos américa reino unido gran bretaa norte quisiera comunicarles preguntas podrían hacer cualquiera internautas ven maravilloso video cualquiera estudiantes pertenecen generación alphacuánto costado desarrollar inteligencia artificial general tipo términos interesan términos económicos sé abaratamiento ocurre cada aosno sido rentable tipo términos interesa económico educar mile millones persona hoy carecen poder da conocimiento desarrollo inteligencias físicas nono sido eficiente educación persona ara cumplir objetivos desarrollo sostenible,1 star
excelente saber persevera alcanza,5 stars
escuchar supervillano explicar plan fin humanidad genio supervillano nio dijo prácticamente resignate carpintero importaras,1 star
corta edad aos regalada ordenador bit cayó manos revista informatica artículo recuerdo decía naturaleza podría ser matemáticamente representado cabe duda capacida memoria velocidad computacional época piedra obstáculo aquella época contado chatgpt neurona matemática aplicada menciono aquella época multimedia ocupaba mucha memoria aquella época data almacenada mayormente texto,1 star
gracias,5 stars
título dice magistral increible aporte jürgen dado humanidad gracias,5 stars
cada tema deja aprendizaje,4 stars
reduce concepto conciencia solo sentir dolor conciencia identificar bien mal tener conciencia acciones emociones dice si hecho dao mismos inteligencia humana ma reconocer patrones tal construidas ia solo inteligencias artificiales emulación nunca llegará ser ser humano,1 star
maravillosa conferenciagracias bbva,5 stars
bueno cada vez toca aprender ciencia artificial dejar interactuar demás humanos,4 stars
inteligencia artificial gracias,5 stars
bbva bank mex dios bendiga,1 star
gracias bbva,5 stars
brillante científico,5 stars
gente aplaude entienden quieren entender man precursores fin humanidad científicos jactan hacen hacen bien humanidad fondo hacen orgullo propio reconocimiento,5 stars
cómo quieres ser recordado quién volvió explotar cabeza,5 stars
hace aos veía necesidad inventar dispositivos colocados tubos escape vehículos usan combustible base hidrocarburos pudieran licuar gas almacenarlos fin contaminen medio ambienteno sé tan difícil inventar dispositivo fecha inventado producido,1 star
tristeza da pensemos futuro considerar palabras jesús san lucas capítulo versículos hacerlo continuando multiplicar male haber ojalá aceptemos poner práctica gran verdad dejó jesús,1 star
genial programa,5 stars
respeto excuseme i dont understand gran verdad dicho profesor cuanto tema tecnología nuclear uso hace pensar mismo uso ia hoy hoy personal preocupa ia sino ser humano uso haga minutos después analizando pensamiento reconozco día pesimista osea,1 star
babel vista,5 stars
interesante cuántas mentes brillantes mundo,4 stars
excelente conferencia niez video llamada solo ficción,5 stars
simplemente clase ponerla obligatoria centros educativos vez principio curso mitad final curso si enterado bien,4 stars
charla joya,5 stars
si aun internet regulado ia deberia tener regulaciones llama atención caso jovenes interactuan socialmente romanticamente ia caso sonado ultimamente termino maldebe regularse use mejor manera,1 star
muchas mentes útiles humanidad queda desarrollo tangible humano,5 stars
dios mio genio,5 stars
destacable respuesta nio aos acerca importancia deporte vida humana,4 stars
importante cargo postuló ven mentes humano copia sobwer,5 stars
espectacular,5 stars
sorprendente,5 stars
hermosas palabras quisiera saber si inteligencia servicio insignificante ser humano llegaría nio áfrica india etc etc salvar vida nombrar bellísimo,1 star
proposito llaman locos,5 stars
schmidhuber parece creer llamamos inteligencia artificial va hacia continuo superamento si misma si sola mientras realidad aprendiendo siguiendo pautas humanos implementamos ma inteligencia espectacular memoria mecánica virtualmente beneficiosa ser humano equilibrado desafortunadamente ningún momento charla plantea entendemos inteligencia sentimientos emociones conciencia mismos charla bien intuir evolución técnica sistemas,5 stars
si educacion observamos investigamos practicamos podemos encontrar equilibrio escapado facilismo politiqueria,3 stars
excelente the best,5 stars
excelente,5 stars
vaya documento wow,5 stars
ser humano único creado éste soporte ia diversidad vez ser humano único múltiples inteligencias sigue ampliando horizontes cognoscitivos,5 stars
si humanos dieran cuenta poder cerebro limites seres dones espirituales capaces moldear realidad pura,5 stars
casi toda inteligencia mente humana sino civilización artificial vamos bien vá según previsto,3 stars
si tema evoluciona predicho metaaprendizaje consigue nivel agi inteligencia artificial general tema podría ponerse peligroso menos podríamos pasar ser irrelevantes especie ser convirtamos seres híbridos podamos integrarnos mejor veo razón unas agis cada vez potentes elijan camino deseado leyes robótica cerebros positrónicos asimov protegernos,3 stars
felicidades gran presentación llena sugerimientos seguir reflexionando relación segunda naturaleza tecnología,5 stars
buenas noches,5 stars
serum dirigen paisescarecen empatia vida lamentablemente maquinas consciente solo ejecutan informacion consciencia mejor costruye camino domino disfrutan conasi ahora solo queda ser ma humanamente sano emocional,1 star
increíble puede hacer ser humano ia podrá ser auto regenerativa predictiva momento potencial cerebro humano infinito solo saberlo cultivar motivar genere cosas verdad increibles,1 star
gracias adoro ia,5 stars
probabilidades control,3 stars
vez iba secundaria maestro rio dibujaba robot dijo dije dibujes alguna realidad sentí mal ahora veo tanta tecnología ia llevo aquella época ver cara revolución ia pasó hace,1 star
trabajemos pues manos oh predicho va previsto,1 star
fantástico invitado grandes aprendizajes quedan cuestiones filosóficas encantaría hacerle basta experiencia ciencia datos ia quedan reflexionar ejemplo ia generativa basada llm aprende humanos solo desarrollos científicos parte humana subjetiva inconsciente tiempo interactua ia consciencia objetiva siendo así ia reflejo locura creo menos población consciente simbiósis contrario adjundican lugar dios suprema consciencia dónde lleva,5 stars
gracias,5 stars
wow,5 stars
nice video,4 stars
bonito doo recuerda tal alfredo nobel chevere invento utilizo cosa servicio pueda pagar manos enfermas potencias bélicas económicas mundo,5 stars
incredible voca abierta diciendo verdad triste tersera edad voi perder vivir so vivan disfrutenlo macsimo,1 star
ia inteligente sabemos siempre humano origina surge,5 stars
función lógica si cada vez preguntan jürgen responde viendo queda pensar probablemente políticos persona poder dinero pueden entrenando modelos ia libros psicología humana lleva pensar envueltos probablemente manipulaciones gran escala humanidad usualmente habla redes sociales punto debe centrarse cargar modelos psicológicos hacer bien evitar autodestrucción ia aún necesita tomar forma física satisfacer requerimientos energéticos pase solo quedará saber si compasión verdugo final,3 stars
resolver misterios universome parece buenopero primero resolver misterios comportamiento humano planeta problemas negativos afecta humanidadcomo eliminar cosas malas vivir mejor eliminar lapobresapor ejemplo tantasproblemas todavíanopodemosduperar,3 stars
simplifica pensar,3 stars
gracias conferencia magnifica traduccion cambiará modelo mundo lleno leyes humanas aplican indultan dependiendo presidente gobierno turno seguirá funcionando falsa democracia hipocresia vivir diario mejorará vida persona,1 star
excelente conferencia mejor pregunta nio peor respuesta precisamente dió pregunta nio podría haber dicho trabajos manuales hacen migrantes broma entiendo refiere trabajos manuales relevante ia creó evitaron hablar asuntos éticos preguntado dilema tranvía cómo humanos podríamos aceptar ia auto concientes asesinen humanos maximizando función,1 star
locura literal,1 star
última pregunta issac asimov,5 stars
aire cyborg hace dimensión,5 stars
habla alguien épocacharla magistral,5 stars
pensar estimo aos hoy deepseek parecer dado salto capacidad gastoeficiencia menos tiempo,1 star
va según planeado sale mal,2 stars
siento egocentrismo si puede dar privilegio,1 star
hoy día tan alegremente llama inteligencia artificial incremento experimentado capacidad almacenamiento procesamiento ordenadores cierto abra ningún algoritmo dote ninguna inteligencia ningún ordenador sólo aspecto aquello asociamos vida hace humanos podido nunca computar seor confunde inteligencia velocidad,1 star
pregunta serum posible conectar ia autonoma cerebro humano manera cualquiera pueda adquirir capacidad conocimiento procesamiento informacion ia si seria salto cualitativo trascendente entiendo esfuerzos experimentos desarrollar interfass tipo informan ma tema,3 stars
existen video idioma original subtítulos,1 star
simulación conciencia conciencia,4 stars
increíble nunca hora pasar tan rápido amo ia tecnología,5 stars
anciano pesimista inquietan cosas dan miedo previsiones ojalá propia ia capaz dé autodestruirse viví país hambre pobreza rompe almanadie preguntado cómo influirá referente do lacras ahora beneficiado siempre aquí sigue igual supongo solo herramienta dedican acumular poder riqueza,1 star
buenas tardes,4 stars
troll cuandl dice preocuparía podría llevar meses incluso aos xd,1 star
absepsos naturales muchas conecciones basa descubrir oculto muestra dios padre poderoso,1 star
da terror básicamente extinción ser humano,1 star
muchas veces escucho preocupación alguien evolución ia riesgos pueda generar entiendo porqué lugar preocuparse interesa ser mejores seres humanos medida posibilidades erradicar siempre guerra hambre soberbia vicios pecados especie reducirlos minimo encontrar vacuna sustancia eventualmente chip tecnología eventualmente ayuda ia ser persona buenas buscar herramienta inteligencia espíritu respetuoso pacífico prójimo espacio viva mejor posible dentro posibilidades interesaría desmerecer ia bien usada parece genial bien usada sdos,1 star
gustaria saber si opinin reference blu been,4 stars
informacion da video esperando gracias fran,4 stars
vale silla expanda universo si conciencia si sabe existe vale,5 stars
necesita trabaje agro cuide naturaleza ensee manejar emociones ser humano,4 stars
excelente importante seres humanos entendanos ia nunca podria ser humano siempre serum artificial sentimientos puede parir ia herramienta tecnologica bien usada va dar muchas ventajas poder vivir mejor gracias saludos,5 stars
dispondremos suficiente energía sostener sistema global inteligencia artificial,3 stars
mayor peligro falta equilibrio hace tiempo perdió,1 star
vi documental hecho bill gate hablaba estudios extraer co aire mismo programa desacreditaba debido sabemos nivel optimo aire debería quedar ademas habria construir equipos monstruosos mundo,1 star
i am writing to you from lima peru how would i be able to contact mr schmidhuber there is state public organization that want to have an approach please an answer,1 star
bueno preocupada nuevo pc carisimo window traba constantementeal escuchar charla digo diablos avanzado pc traba,4 stars
redes neuronales artificiales cable programas,5 stars
toda idea maravillosas llegó mente agréguenle publicidad cada min jaja,5 stars
ia pueda ser capaz lolo almacenar información si reescribir código ampliándolo mejorándolo digamos encapsulándolo desarrolle auto aprendizaje mayor profundidad amplitud par resúmenes formula einstein,3 stars
vale pena ser visionario darse cuenta predijo hacer morir,3 stars
hola gracias enriquecedor contenido,5 stars
génesis dice hombre quiso ser dios expulsado paraíso bueno falta,1 star
interasante entender ia,4 stars
conferencia interesante sólo enfocada uso beneficioso ia tener presente toda historia humano cada inversión an do vertientes beneficios humanidad hacer dao humanidad ia utilizada muchas cosas buenas completamente seguro hará dao hecho países desarrollados usando industria armamentista espionaje,3 stars
digo según digo existe tiempo paralelo dónde pasa mismo paralelo nuevo hace ve siempre cosas nuevas pueden decir cosas,3 stars
increible seor verguenza,1 star
bbva agenda,5 stars
ie ia implica mira cuestión ser humano despertará va autofagotizar menos mal barbarie veré eriza piel existe,1 star
dijo ia superó detenerla si toma control basada deduce comportamiento humano jodidos beneficiados organismos supranacionales única forma protegerse volverse análogo,1 star
vayan pensando conectarnos realidad simulada ubique pico civilización,5 stars
jürgen creo confundido temar conciencia si mismo identificarse lol,1 star
quería robot ayude ancianidad uy quizá muera después alucinante avance lento,1 star
madre inteligente máquinas muchas persona,5 stars
aplicó inteligencia acabar pobreza guerras mundo entonces robot terminarán dominando ser humano toda inteligencia logrado convivir ven paz,5 stars
entonces humanos civilización ia ambición explotación egoísmos male trasladarán ia,1 star
interesante min razas subrazas solo raza humana negro morenos claro blancos diferencias ciertas características mismo define humano,3 stars
hermano conozco nadie habla hispana explique cosas gracias contenido saludos méxico,5 stars
freddy siempre acuerdo escucho sigue hablando favor importante conversación escucho,5 stars
siempre asco matemáticas incluso actualmente trabajando dev hoy propongo estudiar conceptos matemáticos empezando incluso aritmetica básica objetivo aprender inteligencia artificial ser parte futuro,5 stars
único piensa man debería ser ministro tic,3 stars
f comercial minutos gobiernos latinoamericanos gusta contenido platzi,4 stars
vamos platzi conquistar arriba colombia latam,5 stars
freddy nota compromiso sociedad aquí colombia difícil imposible hacer entrar razón establecer mejores estándares,1 star
comparto plenamente usted acaba exponer tren va dirección mentalidad países hispanoamericanos quedaremos andén,1 star
freddy gran motivador empezado hacer cursos aprender dejando lado tiempo solia perder redes sociales gracias,5 stars
inteligencia artificial podrá estupidez natural políticos,1 star
freddy vega número explicaciones claras haces do espaol perfecto explicación perfecta,5 stars
fredy clara apreciación tan solo faltó puntos concretos acción entienda perspectiva ejecutivo político claro si deben hacer data center si deben poner población urgente estudiar ai si deben capacitarse tecnologías aliarse algún partner tipo holanda sumar cadena valor etc vídeo directo digas plan acción seguro apoyamos moverlo esferas decisión varios países saludo hg,1 star
freddy platzi cree cursos completos modulos actualizados ia practicas laboratorio demas expedir certificado sirva presentar empresas innovacion,5 stars
muchas gracias video verdad comprendí importancia tener inteligencia artificial soberana propia cada país depender gigantes openai deepseek experiencia abogado mexicano meses experiencia inteligencia artificial varios aos utilizando chat bot sencillos comprendo totalmente alcance puede lograr nuevas tecnologías desafío cómo llevarlas comprensión través guías academia inclusive video lleguen persona hacernos conscientes importancia inteligencia artificial factor importante macroeconomía saludos méxico,5 stars
reconocer do debate distintos ia entenderla herramienta puede usarse muchas formas distintos actores solo ejecutivo hollywood quiere reemplazar actores ia puede potenciar capacidades forma exponencial si aprendemos usarla verdad espero colombia alguien puesto poder dé cuenta guerras problemas sociales incluso casos corrupción podrían acabarse si implementamos ia gran vdeo freddy,1 star
admiro optimismo especialmente colombia aun esperanza quedarnos atrás nadie quiere hacer si gente siempre visto obligación aprender inglés realmente solo hablan fluida mediocremente estudiaron ao algún país anglosajón además fiesta netflix futbol eventos sociales tirar divertirse momento van aprender terminar si ahora depende gobiernos haha,1 star
viste gobierno va hacer centro mega inteligencia artificial santa marta,5 stars
humilde platzi enseando presidentes,1 star
famoso algún privado hará cargo gracias contenido vienes argentina algún momento,1 star
freddy diciendo dizque código perfecto hecho lentamente peor código imperfecto hecho rapido q gusta codigo imperfecto hecho lentamente,5 stars
verraquera primer programador ingeniero tierra si sabe si cacharreado verdad ia excelente video att amigo ciberseguridad,5 stars
don fredy hagase video explicandonos serum sede ia construyendo manizales alcance futuro pais serum desafio ciudad sido conocida ciudad universidades,5 stars
creó brillante transparente maravilloso muchas gracias valiosa labor social felicitaciones seor,5 stars
freddy sucediendo va extender exponencialmente potencia precision poder conocimiento basto refinados toda area futuro extallado cara momento actual reconosca dormido aca aos potencial humano crecera centurias decenas aos crecera cada meses pasos gigantes,5 stars
latam quedó do décadas atras nivel digital ahora ia directamente va quedar mapa nivel tecnológico,1 star
sólo holanda capaz fabricar láser extremos ultravioletas asml parte queda ambigua fundamental entender fenómeno manera amplia,3 stars
acaba vender cursos plazi ia venderme ninguno crack,1 star
todavía esperando smartphone hecho latinoamérica,3 stars
regresaste freddy así debería ser video vainas mierdas politicamente correcto,1 star
creo error esperar gobiernos entienda tome iniciativa va pasar sector privado puede debe tomar iniciativa alternativa intermedia iniciativa privada coordinando universidades empresas gobierno tampoco va funcionar pocos realmente entienden impacto plan acción claro pueden tomar decision liderar tema tantas veces serum oportunidad servida perdida,1 star
creo único video recomienda curso this shit is serious,1 star
acuerdo contigo hora dejar ser dependientes resto mundo gran potencial latino america impetu tenacidad si video grandes llamadas atencion llamadas accion good job mate,1 star
si contenido vídeos asi pues,3 stars
volaste cabeza preocupaste vez,1 star
bien explicado aunque error enfoque general necesitas infraestructura nacional entrenamiento modelos tecnologia subyacente laser datacenters etc querer tener tecnologia explotacion petrolera mismo nivel grandes petroleras error enfoque paises pueden ser exitosos usando ia generando valor tecnologia base si preocupacion temas seguridad confidencialidad sistemas rag llm local necesitas infraestructura entrenamiento necesitas infraestructura permita usar tecnologia manera optimum velocidad respuesta modelo local precision soporte multimodelo etc,3 stars
pensado cada persona u hogar podría tener propio robot ia trabaje salario vaya solo tocaría mantenerlo actualizado óptimas condiciones parece fantasioso modelo trabajo deberá ser reconfigurado futuro,2 stars
creo importante exista comunidad latina dentro platzi apoyo encontrar oportunidades grandes cambios,5 stars
información tan valiosa desgracia llegará debería llegar hacer cambio real latam dormido tren irá creo individuos colectivos podremos hacer verdadero cambio dejando manos gobiernos idea magnitud problema,1 star
admirable explicación parangón,5 stars
idea millonarias billonarias surgen video omitiendo factibilidad energia nuclear encapsulado data center submarinos produccion hangares bodega orientados datacenters modo distribuido centralizados gigantes cursos capacitacion awareness ai va ser parte cursos basicos empresas seguridad higiene,1 star
aunque alineados politica ideológicamente conversacion trasciende ideales futuro profesional social cultural dejes poner tema agenda cuents l apoyo mayoria sector nqcional,3 stars
gracias freddy mejor vídeo platzi sábado maana,5 stars
vengo estudiando platzi hace meses vídeo doy cuenta loco veo ahora solo quisiera trabajar méxico empecemos desarrollar insdustria amaría trabajar platz,1 star
fredy habla milei ia seguro sintonia,3 stars
ligada programación on and off aún emociona encantaría tener edad loa jóvenes entrarle maravillosa etapa emociona muchísimo,5 stars
parece va afectar paises tercer mundo industria call center tan importante economía ejemplo va pasar filipinas depende servicios países proveen países primer mundo programadores diseadores asistentes va comer ia,1 star
gusto video,4 stars
uso ia aumentar calidad vida persona uso ia modernizar guerra genocidios,3 stars
gente sabe nube suena buzz petroyear va ser dificilisimo hacerle entender,2 stars
buen contenido hoy centrado contenidos antichinos subido ahora cosa intentando compaía japonesas canon,3 stars
freddy grande trabajo temas digitales marketing comunicación ser carreras base ciencias humanas estudié matemáticas dijiste matrix álgebra lineal cálculo diferencial cómo arrancar base básica matemáticas,4 stars
crack freddy,1 star
fredy vega paisano colombiano estan listos cursos cursos actualizados ai platzi,4 stars
excelente video,5 stars
video ma interesantes freddy,3 stars
primero recursos google cambie nombre golfo después ia,1 star
paises avanzar hacia sistema político existe suiza única forma podremos hacer avanzar sociedades velocidad exigen nuevas tecnologías democracia representativa conocemos crisis cambio solución nunca nacerá políticos solo puede surgir gente común,1 star
buen video equipo platzi,4 stars
solo rl llm ia avance demasiado importante potencial particular robótica tardará masivo labor física gravemente afectada,2 stars
fuerza imparable v pared inamovible,1 star
excelente video,5 stars
opino debemos darle cárcel hacker cuello blanco cuello negro,1 star
gracias informacion,5 stars
felicito gracias buena información seguridad transmites,5 stars
siempre costó entender tscm puntera maquinas litograficas asml ahora entiendo poquito,1 star
necesidad madre invención restricciones acceso tecnologías críticas provocara ola desarrollo opciones alternativas,2 stars
muchas gracias,5 stars
creo primero van pensar inteligencia artificial gobiernos básicamente políticos van ponerse defensiva ia puede abrir ojos toda información incluso elegir mejor gobernantes mejor manera llevar mejor manera seguridad realidad optimizar mafia corrupción sobrevsive través ignorancia europa arrancó temprano muchas regulaciones,1 star
gracias freddy desbloquear preocupación vida esperaré país latinoamericano dejo tarea manejen cosas emoción populismo,1 star
pionero mejorandola haciendo curso programacion basica gratis youtube hora hacer curso inteligencia artificial basica gratis debe ser suficientemente bueno profundo util ma masivo posible muchas persona estan omitiendo tsunami avecina creo platzi poder hacerlo sabiendo basico entrando cursos usar ma ia profundidad hara latinoamerica potencia digital bueno,5 stars
china autosuficiente generación chip nm pasó huawey vetado occidente percató avance tecnológico empresa,1 star
gran comunicador divulgador tech,5 stars
final acuerdo dice joven gobiernos dormidos latam,1 star
podriamos automatizar enseanza inglés escuelas decir si problema costos salarios profesores podríamos reemplazarlos agrntes ia tener objetivos niveles evaluan cada periodo,3 stars
sigo video felicito tí equipo pregunta dado papel nuclear juega lengua modelos llm derivados oportuno poner marcha iniciativa internacional común torno lengua compartimos,1 star
pasará apenas empiezan trabajar complicada demasiado complicada inexperiencia superada creces ia,2 stars
ahora mismo presentando revolución ma grande casí mano chip cuánticos centrarse chip ma importante computación actual computación cuántica per viene ia debido gran diferencia computacional dejá paales ia actual sacando chip cuánticos taiwan canada eua china sabe públicamente,2 stars
opino debería considerar seriamente implementar tecnocracia latam,3 stars
país tan pequeo holanda monopolio tecnología define futuro computación inteligencia artificial asml apple nvidia amd intel podrían fabricar chip avanzados básicamente mundo tecnológico depende sola empresa,1 star
aos tal vez profesor universidad distrital presentó autoridades gubernamentales primer microprocesador colombiano consistente colección protoboards ocupaban aproximadamente metro cuadrado conexiones transistores dispositivos chip electrónicos conseguían momento posible ingeniero científico carezca habilidad oral convencer público importancia hace historia tecnológica repetida aspecto mucha gente capaz categoría mundial termina cualquiera vida causa dirigencia trabaja intereses particulares formar futuro nación,1 star
exacto deberíamos invertir fábrica chip latam,5 stars
freddy recursos necesarios capaz levantar toda infraestructura desarrollar ia algún pais latam,5 stars
interesante visión freddy opinas latam gpt ia chilena oportunidad leer respecto,3 stars
excelente video muchas gracias quisiera preguntar existe alguna ruta estudio pueda tomar platizi entender forma profesional temas saludos colombia,5 stars
respetos man,5 stars
país siquiera siglo explotación petrolera preocupado aprender cómo extrae utiliza siempre país viene extrae paga extracción sabemos hacer absolutamente petróleo siquiera gasolina,1 star
quedando edad piedra dominio mundial ma alto nivel tecnologia si algun dia eeuu sanciona cualquier pais motivo hariamos si china,3 stars
hola freddy buenas tardes interesante reflexiones planteas gustaría dicen gobiernos respecto van serio van buen camino dice gobierno colombiano respecto escuchan atención saludos,3 stars
fan absoluta,5 stars
presidente colombia freddy gabinete ministerial let make south america great again jajajaja,5 stars
recuerdo alguien dijo pedirle político dirija pedirle cola perro dirija perro,1 star
ruta apren ia basi si python algebra calculo,4 stars
opinan uso energia nuclear modular alimentar energeticamente datacenters,4 stars
comose nota aprendio clase duró h,5 stars
totalmente acuerdo unidos empresas invertirán dinero data center saben ventaja demás,1 star
cierto latinoamérica,3 stars
suscripción platzi sé dónde empezar incursionar ia,1 star
pais tecnología hace aos sisttemas gubernamentales venezuela,5 stars
oye freddy gustaría ser ministro educación,4 stars
si pusieran foto portada cara freddy mitad robot fenomenal,1 star
viejo cuente entonces cómo próximo battlefield si ia va dominar uu,3 stars
acaso sugiriendo nacionalizar data center horrible,1 star
totalmente acuerdo claro agua,5 stars
fredy mensaje tan desalentador sabemos corruptos ineficientes gobiernos poca iniciativa cambie revolución cambiando velocidad desmedida espera aos latinoamérica,1 star
ahora pareces zolw cordura artificial,1 star
tipos consejeros deben tener gobiernos latinoamerica hacer parecido latinoamerica debe unirse saber recursos conjunto muchas tecnologias seran dificil adquisicion permiten soberania ceo vendedores conocimiento real ventajas saber hacer implica desarrollo pais,1 star
freddy maestro love academic,5 stars
excelente video fredi presidente,5 stars
mayoría tiempo entiendo dice suena interesante,3 stars
tqm fredy,5 stars
increíble hace algún tiempo dije trataron sabelotodo dice freddy mundo toma serio cierto agi consciente imposible tal vez solo crean futuro freddy acepte,5 stars
cursos platzy sirvan hacemos comercio electrónicos aprovechar ia mejorar servicios acelerar procesos ir delante competencia,4 stars
aos tomar oportunidad pasarán gobiernos den enterados cerca cambio gobierno pelea absorberá atención país,5 stars
estara controlado uso ia mismo seguridad data,3 stars
siento q gobierno difícil hablar progreso proyecto hermoso trabajar ia educación mejorar salud mental simplemente dicen municipios presupuesto tipo innovaciones,5 stars
entendí debo aprender chino gracias,5 stars
fua frase final,1 star
pues apúrate man pa tener track bien construidos platzi pa estudiar ia ma allá inglés,3 stars
freddy gracias siento colonia aquí colombia deberíasser mintic,1 star
freddy video video llamada continuum preguntando atención mientras china sigue avanzando,3 stars
fredy idea ma revolucionaria innovadora lograr objetivo poner colombia número iallámeme,5 stars
platzi hara iniciar procesos,4 stars
gracias freddy sigue hablando latam despierte,5 stars
si eeuu hace control tecnología tal vez hablando primer imperio cae,1 star
parte revisate declaracion fulana mexico respecto infraestructura mexina educar respecto diseo chip,1 star
freddy buen pastor evangélico convence palabras,5 stars
pregunta haciendo hace meses existe posiblidad supercomputadora pueda mejorar ia,2 stars
explico claudia soberanía data center defender narco,1 star
preocupante correcto petro llamandolo nube menos dice preocupa cara elecciones candidatos entiendan mundo cambiando seguimos estancados pelear politico tradicionales necesitamos alguien ponga hacia mismo objetivo adaptarnos inminente cambio viven ma preocupados bobadas aghh sabe si algun dia saldremos cerebro apagado,3 stars
man pasó idea ai nunca iba reemplazar desarrolladores casi decir contrario ahora sólo tomo reservas dice,1 star
poderosa realidad ta puede ser espectador,5 stars
excelente,5 stars
colombia políticas públicas hacen video youtube publicidad educación online política nacional inteligencia artificial desarrolló través proceso participativo involucrando entidades públicas sector privado academia sociedad civil conpes publicado febrero define objetivos concretos fortalecer gobernanza infraestructura talento innovación ia aunque país enfrenta retos decisiones institucionales toman base consultas deliberaciones voluntad política solo estrategias mercadeo,3 stars
buen vendedor mu bueno,5 stars
deepseek diciendo chatgpt cadena pensamiento r,1 star
debe aprenderse ia primaria,3 stars
ahora falta genios versados vayan extranjero hacerlos ma poderosos pisarnos,1 star
imagínate energía,5 stars
méxico gobierno empujando tipo iniciativas manufactura auto electricos diseo chip menos legacy momento sumarnos iniciativas mundo va regionalizar justo américa latina necesita propio openai nvidia aws tesla etc,1 star
seores mejor momento ser albailes,5 stars
todavia logro entender si debemos aprender hacer inteligencia artificial usarla uso chatgpt casi sé debería aprender programar neuronas machine learning,4 stars
coincido,1 star
atrasados latinoamérica podríamos hacer corrupción pobreza,1 star
pronto tan buena tecnología ia nesesitaremos cursos platzi,5 stars
ensear algebra lineal colegio si claro paso ecuaciones diferenciales rey,3 stars
taxistas mantienen existiendo después aos uber,1 star
claro saber ingles tecnico computacion ia llevar carrera universitaria area stem ciencias fisicas matematicas ingenierias tecnologicas sistemas informatica v,3 stars
explico milei lucha wokismo sino venta datos,1 star
alguien explique q si ponemos pilas vamos merced panama ecuador nicaragua siempre atras dependido primer mundo,1 star
platzi can do the same a the netherlands make all course in english with spanish subtitle more excuse,1 star
momento entonces curso platzi hago,3 stars
freddy tecnoestatista proteccionista,5 stars
nunca mencionas freddy problema cuello botella energetico cada dia usa ma energia alimentar modelos significa llegara punto soberania energetica serum ma importante ai adicional significaria tambien unicamente pocos paises podrian explotar maximo tecnologia pasa tema nadie menciona,1 star
colombia atrasó implementación software empresas adquieren servicios software especializado prefieren pagar extra empleados creen software gasto inversión ahora creen van invertir ia país condenado atraso debate lideres odia ma echarle culpa fracaso pronunciamientos trump dice empresas país deben prepararse competir potencias,1 star
complejidad dificultad,2 stars
soberbio creo pocos minutos logras transmitir hacer entender inteligencia artificial solo utiliza estudiantes bachillerato universidades sacar adelante trabajos profesionales entender grandes volúmenes texto sino realmente vistazo hacia futuro futuro muchas naciones latinoamérica aún preparadas bueno sigas sacando tipo video concienciar toda nueva comunidad inmersa ia,5 stars
bueno si va remplazar mundo preocuparse renta universal comer ganchitos mientras vemos netflix casa,3 stars
podria pais venezuela descentralizarse propio gobierno crecer,1 star
south park razón quitan trabajo,1 star
jajaja soooolo podrán digo adivino,3 stars
fredy presidente colombia,5 stars
entonces mentira nube algoritmica pensamiento humano dijo petroski,1 star
fredy contesto talvez entuendas inguis diseo montó preicfes helmer pardo empezando primer apple vivo hace yr creo mercado platzi apuntando latino corren negocios usa tratando disear productos acceso asequibles gustaría hablar contigo veo post noticias resumen información acabo ver video realmente gusta enfoque pedagógico compromiso además manera sutil mercadear empresa,3 stars
microfono,4 stars
opino creen comunidades didscor nuestos paises aquellos genios quieran aprender ia auieran hacer relidad datscenter nacionales,1 star
supone inteligencia artificial debe resolver problema idioma decir destruir torre babel si así aspiramos inteligencia deberia servir eliminar fronteras idioma deberían trabajando derribar muro calculadoras computadoras electrónicas hicieron perdiéramos tiempo hacer cálculos pedir inteligencia artificial unida algún dispositivo electrónico permita minimizar tiempo traducción tal punto podamos entendernos fluidamente tiempo real visto dispositivos compaías van encaminados vía tal manera aunque saltando aspectos problema comunicación humana vías solucionarlo así debería aprender idioma entender idea traducibles mio persona dicen cosas idioma transmite sentimientos distintos ridiculo música lenguaje siete notas transmite mismo sentir escucha ser humana nazca nazca merengue cumbia salsa etc dan ganas bailar dan ganas llorar así tal manera pleno comienzo inteligencia artificial veo promocionar aprendizaje idiomas si idea idioma pudieran transmitir si así conocimiento universal sino local ciertos tipos cerebros razas así punto si diciendo avión llegar punto punto b hora invitas caminar punto punto b pie,1 star
quiero ver inteligencia artificial comprar iphone pagar tesla clase trabajadora guste guste pilar mueve economía van crear vacío pocos beneficiarán,3 stars
demostración grafica diciendo freddy si prestar atención,4 stars
pagaré platzi,1 star
freddy vega presidente colombia paila,1 star
estrategias propones lograr talento latam centre desarrollar red neuronal comunicacion tiempo real millones cerebros pensar colaborativamente equipo sectorialmente hace cerebro dar resultados razonamiento compartido podemos usar toda herramientas tecnologicas potenciar cerebros vez crear in gigantesco ente razonable crear super cerebro humano compuesto millones cerebros actuen funcionen neuronas dentro nuevo cerebro comunal herramientas existen solo encontrar forma conectar cerebros potenciar mente universal superara cream imitaciones ia imitacion cerebro cerebro universo,5 stars
fredy vega presidente,5 stars
dice conflicto israel llama genociodio israel,1 star
ahora van decir culpa petro,1 star
espaol flxible siempre programacion sugerido espaol sinonimos usan,1 star
habla petro entonces hablado muchas veces importancia estudiar ia colombia crear programas acadpemicos ah verdad mal administrador,1 star
gobiernos socialistas empeorando países,5 stars
acercado gobierno colombiano gustaría saber si alguna forma podemos ayudar,4 stars
serio aos ia inteligente cualquier phd opinan académicos fin universidades,1 star
total lamentable latinoamerica lejos peor colombia payaso dise nube nueva tierra prometida tener idea hablando ayuda quedándose callado,1 star
