comment,prediction
excelente explicación llevo ao estudiando tema creo mejor video dar introducción general tema inteligencia artificial aquellos dentro campo estudio solo curiosidad saber trata,1
merece apoyo tipo realmente bueno explicando mejor maestro jaja,1
profe usted mejores maestro mundo,1
key takeaway for quick navigation introduction to artificial intelligence artificial intelligence defined a the ability of artificial device like computer to perform task typically requiring human intelligence overview of the evolving definition and capability of ai including it historical progression and current application type of artificial intelligence classification of ai task into category such a calculation memory learning creativity and selfawareness discussion on the challenge in replicating humanlike intelligence in machine creativity in artificial intelligence exploration of algorithm and technique enabling ai to exhibit creativity in various domain such a painting music writing and humor example of aigenerated creative output and ongoing research in enhancing ai creative capability machine learning and ai explanation of machine learning ml a subset of ai focusing on the ability of algorithm to learn from data and improve performance over time overview of supervised unsupervised semisupervised and reinforcement learning technique with realworld application supervised learning algorithm detailed discussion on supervised learning algorithm including their reliance on labeled data for training and example of application such a image recognition and natural language processing importance of labeled datasets in training algorithm and their role in various domain like autonomous vehicle and medical imaging unsupervised learning and other technique explanation of unsupervised learning algorithm used for clustering similar data point and their application in recommendation system and data analysis introduction to semisupervised learning and reinforcement learning technique emphasizing their significance in handling limited labeled data and decisionmaking task advanced learning algorithm overview of advanced learning algorithm like support vector machine decision tree knearest neighbor and neural network explanation of neural network structure function and their role in deep learning highlighting their application in various ai task and ongoing research area made with harpa ai,0
mucha matemática detrás técnicas redes neuronaleshay material podrías profundizar encantadisímo valiosos aportes,1
abogado casi antípodas matemáticas canal gusta muchísimo,1
inteligencia artificial define capacidad dispositivos artificiales realizar tareas propias inteligencia humana aprendizaje automático reconocimiento patrones toma decisiones inteligencia artificial define capacidad máquinas realizar tareas humanas aunque aún limitaciones áreas creatividad autoconciencia aprendizaje automático fundamental desarrollo inteligencia artificial evolución inteligencia artificial capacidad realizar tareas humanas complejas limitaciones actuales inteligencia artificial áreas creatividad autoconciencia papel crucial aprendizaje automático avance inteligencia artificial capacidad aprender errores pasados algoritmos aprendizaje supervisado ampliamente utilizados requieren millones datos etiquetados entrenar modelos tipos algoritmos incluyen aprendizaje supervisado semi supervisado refuerzo cada aplicaciones específicas aprendizaje supervisado aplica reconocimiento facial voz huellas digitales coches autónomos requiere grandes cantidades datos etiquetados funcionamiento existen tipos algoritmos aprendizaje supervisado semi supervisado refuerzo cada propias aplicaciones métodos entrenamiento además algoritmos mencionados utilizan técnicas específicas algoritmos famosos regresión lineal regresión logística árboles decisión diferentes problemas aprendizaje automático redes neuronales técnica potente aprendizaje automático formadas neuronas combinan crear redes profundas deep learning video menciona diferentes técnicas aprendizaje automático random forest knn support vector machine boosting redes neuronales destacando potencia últimas deep learning resalta importancia comprender funcionamiento algoritmos inteligencia artificial traducción automática reconocimiento voz evitar errores malas interpretaciones aplicación,1
gracias ribéry solo enseado buen fútbol ahora inteligencia artificial,1
vídeos siempre interesantes calidad va mejor cada,1
excelente preciso bien explicado saludos república dominicana,1
ser humano hipopótamo frase nunca nadie dicho nunca olvidaré,0
buen contenido canal usare vídeo trabajo universitario gracias d,1
excelente explicación muchas gracias,1
gracias eduardo compartir conocimiento video conciso explica hablan nadie sabe explicar bien vueltas palabras ejemplos cercanos diaria idea relación captcha ai maravilla,1
sinceramente felicito usted didáctica efectiva explicar sencillez vez científicamente inteligencia artificial reitero felicitaciones siga adelante,1
buena fase introductoria aquellos hace aos conversabamos inteligencia artificial emocionante apasionante viviendo realidad sueo realizado plano gustaría profundizar uso aplicaciones gracias,1
vídeos interesantes muchas gracias divulgar temas,1
ando viendo tema proyecto depende si paso termino colegio caigo cuenta escogimos tema ma complejo creia debemos defender tiempo mejor ir informandose aprendiendo estancarme tan pronto,1
buena explicacion ejemplos mencionas ayudan entender conceptos gracias,1
felicitaciones claro preciso sigue asi vida vamos convivir inteligencia artificial gracias,1
buenas primer lugar felicitarle canal pequeo encantaban matemáticas quisieron ascender do cursos di mala experiencia debido bullying terminé dejando ojalá conocido pequeo quisiera pedirle segundo lugar video fondo proporción áurea gustaría poder compartir importancia proporción áurea siguen canal importante presente rodea hecho incluso asocia belleza persona acercan proporciones bellas percibimos realmente increíble estructuras naturales puede ser tallos ramificaciones plantas haber continuado estudios fuertes gustado poder comprobar inteligencia fuertemente relacionada dicha proporción etc tema largo poder desarrollarme aquí solo presente tierra sino universo teoría ramificaciones cerebrales propias idea consciencia completamente relacionadas dicha proporción demasiado profundo post encantaría poder comenzar viendo vídeo parte poder comentar allí gracias supuesto continúe increíble mundo matemático,1
muchas graciasestoy curso ciencia datos ayudado comprender concepto,1
buen vídeo ilustrativo conciso tnx,1
woooo hiciste video pedí pasado muchas gracias encanta canal saludos chile,1
placer suscrito canal respiro ciencia nunca demás,1
eduardo amamos crack mil gracias,1
primero pienso stockfish,0
justamente aprendiendo knn semana,1
vaya justo vídeo q gustaría dedicarme futuro gracias,1
verdad muchas gracias diste motivación necesitaba afrontar to ao carrera ingeniería matemáticas,1
hola ingeniero machine learning aveces xgboosters superan redes neuronales buen video xgboosters refiero gradiente descendiente,1
sorprendido cada día ma vos casualidad video parte formación académica formas parte clases brindan agradecido eternamente contenido,1
gracias compartir saber bendiciones,1
tipo máximo apariencia usual profesor sumada carisma vuelven verdadero hit,1
interesante desarrollo aunque siempre puede ser tan cierto acertar mente humana cuanto interpretación datos,1
pedazo video simplemente genial interesante gusto dando importancia ia matemáticas posibles avances actualidad seguimos usando algoritmos estadísticos hace aos gran diferencia hoy generar toneladas datos consecuencia variedad datos pueden ser entrenados,1
tal vez ver agradezco cada cientifico cada investigador cada persona envuelta desarrollo avanzes tecnologias ayudan mejorar humanidad gracias ia software ma verdad siento sumamente agradecido realmente quiero persona mejor vida posible pues merecen aporte dan sociedad medio optimizacion tareas tediosas increible asi cualquier persona involucrada desarrollo ia investigacion tecnologia mejorar vidas cualquier forma respeto,1
encantan caras promocionales divertidas pone hombre quitar hierro temas tan serios genio sabio así da gusto aprender cosas nuevas ciencia,1
gracias aportes saludos venezuela,1
buen tema buen canal hora dejar lado ver video,1
simplemente brillante admiración,1
excelente video eduardo cómo relaciona investigación matemática desarrollo algoritmos inteligencia artificial,1
wooooooow bien explicado claro profundo mil gracias,1
aqui binarios my friend perfecto evitar futuros problemas,1
sucedería si ejecutará vectores intravectores decisivos dentro arrayanes gracias respuesta maestro saludos,1
haces entender fácil ojalá pronto segunda parte,0
gran explicación inteligencia artificial gustó cómo explica conceptos manera tan clara fácil entender tipo contenido ayuda desmitificar ia entender verdadero potencial,1
curioso algoritmos youtube llevaron video espero aprendiendo contenido calidad,1
wow c vi vi encantó,1
ia crea canal matemáticas mejor derivando eduardo cree,1
mejor explicación encontrado después ver video artículos divulgación salen abstracciones dan hecho entendieron tema términos usan,1
encantó video muestra amplo campo ia cosas ma fascinantes conocido teoría matemática detrás hermosisima encantaria dedicarme completo estudio aplicación misma empezar dada vasta complejidad solo pequea parte conocimiento matemático dedicarme lleno ma minimum idea empezar si alguien supiera pudiera hacer ma estudios profundidad ello pudiera comunicármelo eternamente agradecido,1
sr cabezón entendible bueno realice video actualizado fecha ayudarnos siempre hace tiempo referente ia varió bastante saludos argentina,1
clarisimo buena explicacion ojala cosas vayan bien,1
buen resumen forma explicar excelente video,1
alegro sigas aqui,1
super interesante video profesor creciente crecimiento app inteligencia artificial chat gpt bueno video respecto,1
gracias video ia aos atrás recién ánimo saber tecnología llamada disruptiva video puesto día ia términos comprendí perfectamente ayudando seguir entendiendo desarrollo ia do aos fascinada gracias didaáctica clarísina si escucha unas cuantas veces menos comprendí general ia algorithm técnicas momento redes neuronales continúan reinando entendía bien gracias millón gracias seor veré,1
temprano matemáticas algoritmos aquí vamos,1
gozaré video puedes imaginar,1
simple taxista ando aquí disfrutando cosas entiendo pondré práctica,1
gracias video bendiciones,1
genial video justo empecé tener interés temas subes video siento agradecido arriba,1
excelente explicación gracias totales,1
saludos ecuador sigue adelante edu excelente contenido,1
muchas graciasss maana examen tema ayudaste full,1
pase meses materia ia comprenderla video comprendí menos minutos,1
buen video data scientist explicas bien,1
excelente video muchas gracias pregunta posible puedas colgar literatura relacionada descripción video ganas profundizar abrazo,1
hará conciente cambiará persección mundo,1
podrías hacer vídeo matemáticas redes neuronales,1
excelente favor video redes neuronales,1
buenos vídeos podrías hacer vídeo alguno problemas matemáticos película good will hunting gracias,1
exelente video autoconciencia imposible,1
parece bastante interesante forma abordas temas excelente video gustaría sigas hablando temas video,1
gracias información tiempo prestado,1
justo apenas empecé máster ia universidad uk mayoría piensa solo bot sencillo ia potencial,0
genial divulgar muchas gracias,1
pasarás eternidad cielo infierno dios quité vida jesucristo viene pronto salva alma ahora ay tiempo maana puede ser tarde santidad nadie verá seor jesucristo escapa x vida llamás eternas,1
inteligencia artificial ayudará ser mejores amigo guntos haremos crearemos cosas imposibles bien,1
hace leí descubrimiento ver matemáticas visto descubierto organismo unicelular cerebro hace cálculos matemáticos desplazarse podrías hacer video explicando cómo posible,0
único puedo aceptar aprendizaje basado refuerzo basa modelo aprendizaje reforzamiento skinner si implica cambio final producto resultados proceso,1
interesante bien explicado siempre gracias refrescar verano,1
muchas gracias toda explicaciones gran video pasada toda tecnología nueva,1
participaba taller machine learning entretenido entrenar máquina luego consultarle según aprendió,0
muchas gracias compartir excelente canal,1
tema video fondos video derivando,1
gracias enseanzas vídeos,1
esperamos expectativas video opinión chat gpt nuevas inteligencias artificiales gracias hacer ciencia matemática atractiva divertida,1
quiero seor explica cosas tan dificiles ocho minutos,1
aprendizaje supervisado supervisado utiliza clasificación imágenes satelitales interesante cada imagen satelital puede conformada bandas caso hiperespectrales mínimo bandas,1
ahi creo funciona así puedas continuar debes acertar dnd imagenes programa valida si supiera podrías superar captcha incluso equivocandote,1
cantidad veces fallo chaptchas perjudicando gravemente inteligencia artificial,0
gran vídeo muchas gracias,1
gracias contenido puedes hacer vídeo hablando investigaciones usan matemática topología teoría categorías computación cuántica inteligencia artificial visto uso álgebra forbenius pragmática lenguaje natural saludos,1
buen video bien explicado tiempo gracias usaré clase apra explicar conceptos,1
aquí binarios my friend parto contigo muchas gracias eduardo vídeo genial saludos madrid,1
bien explicado,0
si movimiento bueno probable repita partida ajedrez ejemplo acaso lor ordenadores saben causalidad solo comparan resultados después jugar millones veces saber realmente cada moviendo separado bueno sino movimiento calificado bueno si partida victoriosa,1
excelente explicacion gusto aprendi,1
sugerencia gustaria ver video acerca automatas celulares conway quedo corto mencionando regla constructor universal von neumann obsesion wolfram tema tema denso interesante,1
gran video genio eduardo,1
meses empezar carrera inteligencia artificial emoción,1
buena explicacion,1
tema canal two minute paper sube paper interesantes,1
excelente interesante uruguay,1
encanto tema podrías hablar algoritmos específicos temas computer science matemáticas,1
cada vez avanza hitos ia cada día va evolucionando mejor pensamiento lógico máquinas,1
viendo vídeo subtítulos generados automáticamente interesante,1
acuerdo veía ahí entretenía aunque veía mate solo mera curiosidad ahora estudiante veo curiosidad ia entretenido,0
like si estudiante humanidades,0
semáforos coches peatones acaso sistema sepa si creando cuenta ser humano bot,1
increible necesitan coches detectar chimeneas,1
excelente video cuya calidad atribuyo do factores parte conocimiento fondo ia evidenciado especial hablan redes neuronales dominio completo matemáticas maestría matemática queda ampliamente demostrada correcto tratamiento hace canal infinidad cuestiones álgebra análisis geometría topología incluida respecto redes neuronales cabe sealar existe manera alterna divulgada obtener redes profundas perceptrones decir redes tres capas perceptrones similares calculan ajustando peso mediante retropropagación errores dicho método alternativo calcula red profunda directamente partir datos ejemplos contraejemplos franjas separación deseadas hipersuperficies decisorias metodología inédita utiliza retropropagación trata algoritmo codificado programa evaluado numéricamente basa formular perceptrones términos categorías objetos morfismos analizarlos términos geométricos permite tratamiento transparente data numérica desempeo algoritmo notablemente predecible exacto rápido retropropagación introducción uso sugiero den vistazo siguiente video cuya descripción hallaréis enlace descargar software además link referencias corre plataforma window totalmente gratuito siquiera requiere instalación autoportante podréis probar software propios archivos datos numéricos comprobar cabalidad redes así obtenidas reconocen exitosamente data felicitaciones tan clara introducción ia particular redes neuronales daniel crespin,1
inteligencia artificial verbo if detrás,1
muchísimas gracias explicarlo puedes decir compraste camiseta,1
osea machine learning aasi inteligencia colectiva red guarda solo datos sino millones personasotras pc hacer analisis,1
muchas gracias compartir,1
aquí binarios my friend xd,1
interesante especial apasionante,1
mejor charla respuesta pregunta puede estudiar joven futuro respuesta hermosa ningún robot puede tener mejor mecánismo manos cuerpo mejor inteligencia natural reemplazará queda interactuar,1
definitivamente tema favorito cuándo hablo acerca cómo miraban hablaba inteligencia artificial décadas atrás vi mismo hablaba compaeros acerca temas importaba tomado decisión seguir universidad estudiando amo aunque signifique sacarme rión lograrlo,1
excelente conocimiento aportes sociedad súper humilde,1
estudié ser pianista vida llevó aplicar música área salud aplicarlo grupos persona alguna manera sido lastimados misma sociedad forma sicológica ó física traumática sólo emocionalmente aunque ia pudiera saber dar solución diversas situaciones persona humano perdería existir humano,1
mejor visto entrando ao solo creatividad ahora llamará innovación total,1
jürgen schmidhuber plantea visión inspiradora inteligencia artificial herramienta potenciar progreso humano enfrentar desafíos globales embargo llamado equilibrar desarrollo tecnológico ética responsable fundamental pregunto cómo podemos garantizar ia solo accesible sino promueva equidad real sociedades marcadas desigualdades equilibrio innovación responsabilidad parece ser mayor reto tiempo,1
si premio nobel si merece,1
gracias bbva aprendamos junto excelente contenido,1
interesantisima charla estudiarla escuchandola ma vez,0
grande mente tiempo muchas gracias,1
buenos dia everyone escuche genio dejo outsidey menciono causa jamaz creido imajinado iaseria realidad menos aporte desarrollo humano luego apreciar conferencia rraaciono tal punto aprovechare maravillosa creacion desarrollo ia evoluciono desarrrollos inmensamente fabulosos lady and gentlemanswelcome nuevo orden mundial iasaludos nyc in usa,1
siento tan inspirada palabras tan motivada recorreria mundo trabajar equipo particularmente siempre tildaron loca,1
magnifico conversatorio evocador inspirador planteamiento profesor gracias organizadores felicitaciones,1
maravillosoo gracias jurgen placer escucharlo magnífica,1
premisa hacer momento aceptación condiciones desarrollarlo dió lugar desarrolle embargo cuestiono hecho consecuencia desarrollo uso tipo tecnologías siga deteriorando deteriorado desarrollo ser humano brecha comprenden desarrolla simple consumidores cada vez grande,1
capacidad entendimiento discernimiento sabiduría puede convertir arte aquello agobia tristeza desepsiones trauma transforma según voluntad,1
gracias cientificos avansa humanidad riqueza neuronal,1
aplaudí lado pantalla sublime,1
bueno muchas gracias,1
predije aún llegado tampoco jubilado simplemente maravilloso,1
creando tecnología capaz desarrollar intereses propios ajenos humanidad día seguiremos vivos solo gracias benevolencia compasión seor esconde celebra abiertamente vende deseable vez inevitable gente sonríe aplaude fatal cabeza,1
tipo crack responder preguntan diciendo,0
seguiré jurgen,1
impresionante brillanteun genio,0
información valiosa,1
excelentes invitados,0
almacenamiento época súmale itinerancia idea genial abrazo,1
mejor mejor forma yan agradable explicar temas complejos,1
genio bonito vivir,1
increible entrevista wow,1
muchísimas gracias conferencia tan interesante,1
tema tan interesante inteligencia artificial tema tan abstracto magnífico aún trata entender ver puede hacer,1
gracias generosidad compartir conocimiento,1
mente maravillosa,1
sencillamente maravilloso,1
simplemente magistral,1
igual forma pequeo queria buscar libro persona responda toda dudas ahora inteligencia artificial basada aos informatica privilegio países desarrollados paises subdesarrollado viajar occidente todavia sospredente existe mucha informacion ciencias económicas culturales sociales politicas influenciadas herramientas tecnologicas bien mal,1
impresionante masterclass claridad afabilidad exposición dentro dificultad materia encantado,1
buenisimo clase magistral ia crack sr jürgen schmidhuber gracias compartir conocimientos adelante,1
gracias jürgen,1
encanto respuesta nio aos hace poner perspectiva brillante ser humano toda capacidades fisico valioso vivir humanos capacidades permitieron evolucionar homo sapiens,1
verdad inteligencia artificial sintéticos siguiente paso humanidad recordaran fase evolución humana,1
ser humano profesional magnífico felicitaciones tantas persona preocupadas pueda suceder critican ia falla puede ser peligroso dependerá aportemos humanos debemos valorar rrespetar disciplina debe ser mayor pilar cada familia sirve regular ia si final seres humanos saben utilizar final tontos ignorancia debemos dejar inteligencia fluya mejor manera dependerá cada cómo escoger conviene docentes deberían preparados ensear leyes derechos nios escolaridad cómo utilizar punto utilizar inteligencia artificial deberán bajar calificación nio mala utilización ideal padre trabajando educando hijos mayor parte horario nios encuentran escuelas secundarias exigen utilizar tecnología escuela pues deberían tener materia prioritaria,1
interesante enfoque vengo kai lee gusta ver videitos,1
palabras ciertas viniendo origen atropella dicen llamarse youtubers noticias falsas divulgadores gracias compartir,1
ia sustituirá humano cambiará profundamente forma vivir trabajar herramienta poderosa potenciar capacidades siempre implemente manera ética responsable humanidad seguirá siendo esencial cualidades únicas empatía creatividad juicio moral toda formas parar reflexionar ser tan egocentristas insignificantes especie humana desarrollado tipo habilidades casos inservibles hecho involucionar póngase ejemplo bomba atómica desarrollo ego extremo pensamos superiores resto especies hecho ser humanos existencia corta relación creación universo probable extingamos tardar da deriva tome vamos dejar gente juegue fin cabo llevamos haciendo toda vida sapiens espero vida allá planeta favor inteligentes menos respetuosos aquello rodea,1
súper interesante vídeo,1
fantástico gracias,1
impresionante video,1
duda tema desafiante lado apoya datos históricos generados pudiendo superar temas aun ignoramos temas privacidad lado perturbador voracidad capitalismo imaginen uds desean comprar póliza seguros gastos médicos solicitan serie análisis físicos harían póliza medida evadir responsabilidad coberturas detectar análisis tendencias desarrollo ciertas enfermedades futuro,1
pone comentarios seguro pondrá tampoco sr habla tener ningún reparo malo puede traer cero critica conciencia trabajo suerte creadores ia si conciencia actos,1
excelente video,1
gracias bbva magníficas conferencias científicas,1
alucinante inquietante vez,0
so genio inspiración seguimoste admiro,1
gusta escuchar gente inteligente clase imperdible,0
hermosas palabras quisiera saber si inteligencia servicio insignificante ser humano llegaría nio áfrica india etc etc salvar vida nombrar bellísimo,0
abuelo fan cuenta historias épico aplausos usted,1
maravillosa conferenciagracias bbva,1
interesante esperemos beneficio cuantos,1
gente aplaude entienden quieren entender man precursores fin humanidad científicos jactan hacen hacen bien humanidad fondo hacen orgullo propio reconocimiento,0
magistral,0
escuchar supervillano explicar plan fin humanidad genio supervillano nio dijo prácticamente resignate carpintero importaras,0
corta edad aos regalada ordenador bit cayó manos revista informatica artículo recuerdo decía naturaleza podría ser matemáticamente representado cabe duda capacida memoria velocidad computacional época piedra obstáculo aquella época contado chatgpt neurona matemática aplicada menciono aquella época multimedia ocupaba mucha memoria aquella época data almacenada mayormente texto,1
bravísimo jürgen schmidhuber,0
ufff valio cada maldito segundo,0
respeto cortesía estima merecen megapotencias occidentales tale unidos américa reino unido gran bretaa norte quisiera comunicarles preguntas podrían hacer cualquiera internautas ven maravilloso video cualquiera estudiantes pertenecen generación alphacuánto costado desarrollar inteligencia artificial general tipo términos interesan términos económicos sé abaratamiento ocurre cada aosno sido rentable tipo términos interesa económico educar mile millones persona hoy carecen poder da conocimiento desarrollo inteligencias físicas nono sido eficiente educación persona ara cumplir objetivos desarrollo sostenible,1
gracias,1
seria interesante conocer estan hoy desarrollando ia gran seor va salida mundo dividido desarrolladores consumidores dominados tecnologías,1
doy gracias dios jurgen darme oportunidad recibir toda información tener claridad verdad esperanzador,1
cada tema deja aprendizaje,0
reduce concepto conciencia solo sentir dolor conciencia identificar bien mal tener conciencia acciones emociones dice si hecho dao mismos inteligencia humana ma reconocer patrones tal construidas ia solo inteligencias artificiales emulación nunca llegará ser ser humano,1
excelente saber persevera alcanza,1
claro alcance tema prolongaciones vida humana preguntas identifico público desarrollo ia comprender mejorar vida evolución positiva gracias,1
brillante científico,1
bueno cada vez toca aprender ciencia artificial dejar interactuar demás humanos,1
gracias bbva,1
título dice magistral increible aporte jürgen dado humanidad gracias,1
genial programa,1
excelente the best,1
hace aos veía necesidad inventar dispositivos colocados tubos escape vehículos usan combustible base hidrocarburos pudieran licuar gas almacenarlos fin contaminen medio ambienteno sé tan difícil inventar dispositivo fecha inventado producido,1
respeto excuseme i dont understand gran verdad dicho profesor cuanto tema tecnología nuclear uso hace pensar mismo uso ia hoy hoy personal preocupa ia sino ser humano uso haga minutos después analizando pensamiento reconozco día pesimista osea,1
bbva bank mex dios bendiga,1
inteligencia artificial gracias,1
simplemente clase ponerla obligatoria centros educativos vez principio curso mitad final curso si enterado bien,0
excelente,1
sorprendente,0
cómo quieres ser recordado quién volvió explotar cabeza,0
espectacular,1
schmidhuber parece creer llamamos inteligencia artificial va hacia continuo superamento si misma si sola mientras realidad aprendiendo siguiendo pautas humanos implementamos ma inteligencia espectacular memoria mecánica virtualmente beneficiosa ser humano equilibrado desafortunadamente ningún momento charla plantea entendemos inteligencia sentimientos emociones conciencia mismos charla bien intuir evolución técnica sistemas,1
nice video,1
dios mio genio,0
ser humano único creado éste soporte ia diversidad vez ser humano único múltiples inteligencias sigue ampliando horizontes cognoscitivos,0
tristeza da pensemos futuro considerar palabras jesús san lucas capítulo versículos hacerlo continuando multiplicar male haber ojalá aceptemos poner práctica gran verdad dejó jesús,1
vaya documento wow,0
fantástico invitado grandes aprendizajes quedan cuestiones filosóficas encantaría hacerle basta experiencia ciencia datos ia quedan reflexionar ejemplo ia generativa basada llm aprende humanos solo desarrollos científicos parte humana subjetiva inconsciente tiempo interactua ia consciencia objetiva siendo así ia reflejo locura creo menos población consciente simbiósis contrario adjundican lugar dios suprema consciencia dónde lleva,1
increíble puede hacer ser humano ia podrá ser auto regenerativa predictiva momento potencial cerebro humano infinito solo saberlo cultivar motivar genere cosas verdad increibles,1
wow,1
vez iba secundaria maestro rio dibujaba robot dijo dije dibujes alguna realidad sentí mal ahora veo tanta tecnología ia llevo aquella época ver cara revolución ia pasó hace,0
excelente conferencia niez video llamada solo ficción,1
si aun internet regulado ia deberia tener regulaciones llama atención caso jovenes interactuan socialmente romanticamente ia caso sonado ultimamente termino maldebe regularse use mejor manera,1
importante cargo postuló ven mentes humano copia sobwer,1
destacable respuesta nio aos acerca importancia deporte vida humana,1
si educacion observamos investigamos practicamos podemos encontrar equilibrio escapado facilismo politiqueria,1
gracias conferencia magnifica traduccion cambiará modelo mundo lleno leyes humanas aplican indultan dependiendo presidente gobierno turno seguirá funcionando falsa democracia hipocresia vivir diario mejorará vida persona,1
serum dirigen paisescarecen empatia vida lamentablemente maquinas consciente solo ejecutan informacion consciencia mejor costruye camino domino disfrutan conasi ahora solo queda ser ma humanamente sano emocional,1
si humanos dieran cuenta poder cerebro limites seres dones espirituales capaces moldear realidad pura,1
interesante cuántas mentes brillantes mundo,1
proposito llaman locos,0
muchas mentes útiles humanidad queda desarrollo tangible humano,0
buenas noches,1
gracias,1
excelente conferencia mejor pregunta nio peor respuesta precisamente dió pregunta nio podría haber dicho trabajos manuales hacen migrantes broma entiendo refiere trabajos manuales relevante ia creó evitaron hablar asuntos éticos preguntado dilema tranvía cómo humanos podríamos aceptar ia auto concientes asesinen humanos maximizando función,1
resolver misterios universome parece buenopero primero resolver misterios comportamiento humano planeta problemas negativos afecta humanidadcomo eliminar cosas malas vivir mejor eliminar lapobresapor ejemplo tantasproblemas todavíanopodemosduperar,1
si tema evoluciona predicho metaaprendizaje consigue nivel agi inteligencia artificial general tema podría ponerse peligroso menos podríamos pasar ser irrelevantes especie ser convirtamos seres híbridos podamos integrarnos mejor veo razón unas agis cada vez potentes elijan camino deseado leyes robótica cerebros positrónicos asimov protegernos,1
bonito doo recuerda tal alfredo nobel chevere invento utilizo cosa servicio pueda pagar manos enfermas potencias bélicas económicas mundo,1
función lógica si cada vez preguntan jürgen responde viendo queda pensar probablemente políticos persona poder dinero pueden entrenando modelos ia libros psicología humana lleva pensar envueltos probablemente manipulaciones gran escala humanidad usualmente habla redes sociales punto debe centrarse cargar modelos psicológicos hacer bien evitar autodestrucción ia aún necesita tomar forma física satisfacer requerimientos energéticos pase solo quedará saber si compasión verdugo final,1
felicidades gran presentación llena sugerimientos seguir reflexionando relación segunda naturaleza tecnología,1
gracias adoro ia,1
simplifica pensar,0
incredible voca abierta diciendo verdad triste tersera edad voi perder vivir so vivan disfrutenlo macsimo,1
pensar estimo aos hoy deepseek parecer dado salto capacidad gastoeficiencia menos tiempo,1
pregunta serum posible conectar ia autonoma cerebro humano manera cualquiera pueda adquirir capacidad conocimiento procesamiento informacion ia si seria salto cualitativo trascendente entiendo esfuerzos experimentos desarrollar interfass tipo informan ma tema,0
casi toda inteligencia mente humana sino civilización artificial vamos bien vá según previsto,0
trabajemos pues manos oh predicho va previsto,1
muchas veces escucho preocupación alguien evolución ia riesgos pueda generar entiendo porqué lugar preocuparse interesa ser mejores seres humanos medida posibilidades erradicar siempre guerra hambre soberbia vicios pecados especie reducirlos minimo encontrar vacuna sustancia eventualmente chip tecnología eventualmente ayuda ia ser persona buenas buscar herramienta inteligencia espíritu respetuoso pacífico prójimo espacio viva mejor posible dentro posibilidades interesaría desmerecer ia bien usada parece genial bien usada sdos,1
probabilidades control,1
locura literal,0
ia inteligente sabemos siempre humano origina surge,1
increíble nunca hora pasar tan rápido amo ia tecnología,1
hoy día tan alegremente llama inteligencia artificial incremento experimentado capacidad almacenamiento procesamiento ordenadores cierto abra ningún algoritmo dote ninguna inteligencia ningún ordenador sólo aspecto aquello asociamos vida hace humanos podido nunca computar seor confunde inteligencia velocidad,1
vi documental hecho bill gate hablaba estudios extraer co aire mismo programa desacreditaba debido sabemos nivel optimo aire debería quedar ademas habria construir equipos monstruosos mundo,0
excelente importante seres humanos entendanos ia nunca podria ser humano siempre serum artificial sentimientos puede parir ia herramienta tecnologica bien usada va dar muchas ventajas poder vivir mejor gracias saludos,1
última pregunta issac asimov,0
siento egocentrismo si puede dar privilegio,1
absepsos naturales muchas conecciones basa descubrir oculto muestra dios padre poderoso,0
anciano pesimista inquietan cosas dan miedo previsiones ojalá propia ia capaz dé autodestruirse viví país hambre pobreza rompe almanadie preguntado cómo influirá referente do lacras ahora beneficiado siempre aquí sigue igual supongo solo herramienta dedican acumular poder riqueza,0
aire cyborg hace dimensión,0
buenas tardes,1
aplicó inteligencia acabar pobreza guerras mundo entonces robot terminarán dominando ser humano toda inteligencia logrado convivir ven paz,1
ia pueda ser capaz lolo almacenar información si reescribir código ampliándolo mejorándolo digamos encapsulándolo desarrolle auto aprendizaje mayor profundidad amplitud par resúmenes formula einstein,1
informacion da video esperando gracias fran,1
bueno preocupada nuevo pc carisimo window traba constantementeal escuchar charla digo diablos avanzado pc traba,1
vale silla expanda universo si conciencia si sabe existe vale,0
necesita trabaje agro cuide naturaleza ensee manejar emociones ser humano,1
habla alguien épocacharla magistral,0
bbva agenda,1
da terror básicamente extinción ser humano,1
digo según digo existe tiempo paralelo dónde pasa mismo paralelo nuevo hace ve siempre cosas nuevas pueden decir cosas,1
jürgen creo confundido temar conciencia si mismo identificarse lol,1
entonces humanos civilización ia ambición explotación egoísmos male trasladarán ia,0
simulación conciencia conciencia,1
ie ia implica mira cuestión ser humano despertará va autofagotizar menos mal barbarie veré eriza piel existe,1
gustaria saber si opinin reference blu been,1
conferencia interesante sólo enfocada uso beneficioso ia tener presente toda historia humano cada inversión an do vertientes beneficios humanidad hacer dao humanidad ia utilizada muchas cosas buenas completamente seguro hará dao hecho países desarrollados usando industria armamentista espionaje,1
existen video idioma original subtítulos,1
interesante min razas subrazas solo raza humana negro morenos claro blancos diferencias ciertas características mismo define humano,0
mayor peligro falta equilibrio hace tiempo perdió,1
va según planeado sale mal,0
excelente explicación gracias,1
buen video proxmas generaciones futuro podran varias cosas hacer dia dia cuidar mundo,1
explicó madres,0
excelente video,1
buenisimo,0
estupendo,1
hermoso video,1
voz parece robot persona robot intenta controlar,1
gusta voz,0
jaja humano vanidad piensa cerebro complejo universo,0
experto tema parecido bastante seguro peligro real ia ia tal si humanos demasiado poder detrás,1
dwnuevamente excelente reportaje saludos colombia,1
existese puede usar malo biendepende ser humanodisfrutemos,0
avaricia ambición eliminarán humanidad,0
gustaría tener dinero poder comprar exoesqueleto volver dar pasos espero futuro ayude persona mundo solo avances necesita ia avances,1
dw padre investigacion informacion aplauso excelente labor siempre,1
mirá mira ia quitó trabajo locutor dw,0
regla n siempre ponle ia botón apagado reseteo virtual físico evitamos problemas,1
cyberdine terminator tenia razon,0
temas demasiado importantes interesantes tocar saber cómo evolucionando historia hacer mención pro contra,1
punto historia importante pasando cosas importantes nuevas tecnologías estilo vida consejo vivir disfrutar aprovechar favor nuevas experiencias cosas dando recuerdo cada vamos morir vamos llevar absolutamente parece aveces olvida vamos morir eternos aprovechar tiempo humanidad dirían abuelos ver,1
llamo demasiado atención profesora menciono ia tal buena mala si humanos damos valor razón así unas persona utilizan contribuir bienestar dan mal uso daan persona,1
cambio siempre produce miedo incertidumbre parte proceso necesitarío seguir avanzando evolución,1
cyberdyne división skynet,0
tema importante explican pro contra ia,0
permitir ia desarrolle mayores obstáculos preocupa violencia discriminación odio emanan seres humanos aun aquellos tecnologías ideologías,0
excelente documental congrats,1
llegando the one xq encantada contenido canal,1
buen documental,1
si existe preocupación existe riesgo calificaría basándome lógica conocimientos existenciacon resultado catastrófico futuro causado incluso manera simple precisamente razones gran escala sumamos peligro conflictos globales dementes mentes líderes persona dominio creando evolucionando quiénes cierto arrepentiremos profundamente haberlos detenido ia contrario asombrado gran manera siento afortunado haber nacido tan importante marca inicio final repercutirá sistema galáctico,1
minuto posible futuro lado tema tecnologia aplicada humano extencion cuerpo diferente hecho manipular ia uso propio mala intencion respecto super inteligencia ma incierto provoca sensacion inseguridad tome decisiones quizas empaticos seres humanos,1
buen documental,1
novedoso innovador bueno ser humanonos ayuda desarrollar ma mejor mente poderosa,1
encanto informe saludos argentina,1
opinión tiempo países pelearan detener asunto armas nucleares preocuparan detener ia,0
cuestión si riesgo tan real descubrimiento energía nuclear posterior aplicacion bomba nuclear,1
dw canal,1
excelente documental espero potencias conviertan ia arma,1
gracias gran contenido,1
gracias información uso ai cada persona utlizar valores ética,1
oscuro puesto nombre cyberdyne compaía mismo nombre división creó skynet película terminator aos destruyó humanidad,1
avancé bueno siempre utilice buena forma,1
vision optimista acerca control podriamos tener ia,1
necesitamos ia vida dura,1
verdad sorprenden tan pocos pocos comentarios sobe tema claro creo delicado situación,1
bueno,1
asi dijeron internet ahora humanidad borde abismo estrés cibernético,0
maravilloso innovador aterrador,1
va pasar malo salga manos grupo persona desarrollando,1
preocupante ver soberbia desarrolan tecnologia comentan aqui respecto poder controlar inteligencia exponencialmente mayor humano ma inteligente existido considerando ademas ritmo probable pensar potencialmente llegara punto pueda razonar si misma capacidad tomar desiciones afecten planeta recuerda teoria caos parafraseando famoso personaje ian malcom jurasic park pensaron si podian hacerlo jamas pararon pensar si debian hacerlo estan cavando tumba planetarium demas celebran,0
buen documental ahorita deberíamos concientizados pasaría si ia empieza ser común,1
verdadero peligro dinero tienta persona,1
siempre excelentes documentales i d w,1
genios trabajó mejorar mundo veo malo dejá llegue manos malos entendidos pra mundo,1
llegando proyectado ciencia ficción llegando tomando cuenta pasado aos da guerra mundial maximo radio pregunta aquie avazamos solo recibiendo ayuda alguna raza superior pocos gobiernos contacto puesto pensar dado paridad procesos hoy dia usamos dispositivos,0
escuchado relacionado tema computación cuántica fácil imposible vulnerar presume seguridad asegurada podrá desarrollar algoritmos bloquear acciones ia perjudique raza humana,0
encantan documentales actuales inteligencia artificial principal obstáculo lucha clases ambición económica gran cáncer sociedad inteligencia artificial ayudando sociedad problemática podemos ver principalmente eeuu adelantados tecnologías población indigente incrementando pasos gigantes principalmente cuna tecnologías california san francisco si real cambio lugar nacimiento tecnologías debería ser ejemplo resto planeta toda formas encanta posibilidad obtener información click muchas gracias subir compartir saludos chile,1
problema ia alma bombero sacrifica vida aún sabiendo quizas logre ia haría,0
minuto co japones dice ia intenta preservar humano pregunta aqui meterse ahi estan programando tiempo ia problema mentes crean condicionan parte observar ia sienten dolor miedo soledad amor pasion sentimientos igual punto observar cierto si prevalecen camino creemos van vamos enfrentar especie ma alla control,1
solo vivir bueno ia bueno campo salud accesibles alos necesitados,1
optimistas aquí si anuncia reemplazo ia multiple trabajos cajeros conductores mile empleos perderan millonarios va importar tal maximizar eficiencia rentabilidad financiera condena segura,1
regla lastimar humanos pueden solucionar mile problemas pueden eliminar regla aparte menos trabajos humanos preocupa nios ahora van dedicar futuro si aprender necesario ia da toda información necesitará minuto estudiar,1
good start,0
puede persona envejecen alimentación natural así mucha radioactividad afectado visto gente edad avanzada ve bien alimentación químicos dormir bien horas excesos mucha gente sufre estrés afectan sistema nervioso duelen articulaciones,1
conversación alargada aún así importante saber así beneficia puede afectar sociedad,1
si vemos medios comunicación podemos darnos cuenta cómo mundo vivimos interacción interpersonales seres humanos caótica imaginemos mundo predomine inteligencia artificial adónde quedará bondad amor quedarás olvido guiados herramienta artificiales abrazo fraterno,1
james cameron visionario,0
mision herramienta excepcional siempre debera ser mejorar calidad vida optimizar procesos produccion ofrecer segundos soluciones humanos tardado siglos descubrir quiza aos humanidad tan prometedoramente amplia reventara murallas especie hasts momento,1
cyberdyne serio,0
haremos seor parece villano manga,0
va ser bueno vez creen primeras verdaderas ia van crear mejores ia,1
quieren proteger mundo quieren cambiecomo salvar humanidadsino permite evolucionar,1
anonadado increíble tecnología avanza chavos bien despiertos conocen temas acuerdo ver robot nunca creí futuro lograria espero muchas ansias poder tener robot futuro prepare hígado encebollado wow jijiji bendiciones,1
recordó pelicula eagle eye,0
considero pronto preocuparse ia puesto cicencia todavia joven pensar defectos tiempo puede retrasar impedir avance científico joven creciente ciencia cosa deberían centrar ciencia desarrollo mejoramiento tecnologías existentes existir objetivo subsistencia especie largo periodo comodidad sociedad actual,1
aprovechar ia humanos puede ayudarnos necesitaríamos tiempo alcanzar mundo implemente suficientes medidas mantener seguridad si ia tomara trabajos necesitaríamos salario básico cada persona quizás alcanzaríamos vida trabajar mundo solo inteligentes continuaran trabajando,1
apenas empiezo verlo preguntar cyberdyne serio llamaba asi empresa desarrolla terminator pelicula james cameron,0
inevitable caiga manos equivocadas creo toda persona involucradas mejores intenciones,1
bueno utilicen ayudar persona salud cierto ia va dejar trabajo muchas persona ojalá futuro arrepienta aver creado ia va aver muchas persona queriendo utilizar hacer mal ojalá nunca salga control mano,1
estaran metiendo problema,0
leyes robótica isaac asimov hecho hoy respetan paises israel utilizan ia operaciones ataque drone población civil palestina futuro naciones podrían igual hacer mismo futuras guerras conflictos armados supertecnología igual inevitablemente utilizada naciones fine pacificos buenos principio postula mayor tecnología igual mayor control población global,1
pienso existencia hombre avances servido hacer bien humanidad usado contrario,0
historia muestra siempre recelo hacia desconocido especialemente tecnologías dramaticamente afectarán futuro civilización necesario evolucionemos ojalá mejor debemos asegurarnos nuevas tecnologías ayuden ser humano mejorar calidad vida dedicarse ser humanos vez inhumanos,1
herramienta ayuda explorar áreas humanos aun experimentado peligro poder ai puede alcanzar sino forma pueda usar bien mal,1
buen documental gustado vox generado ia traductores humanos puedan emplear traducir documental,1
herramienta si use riesgo,0
historia humanidad historia miedo nuevas tecnologías problema tecnología novedosa claramente seres humanos siempre seguiremos adelante preocupa complicidad gobiernos autoritariostotalitarios quieren gente ignorante peor educación pobre alcance salario universal encerrada casa miedo mirando lado crece delincuencia favoreciendo criminales autodestrucción frente grupo vivos venden solidaridad enriqueciéndose costa pueblo responsabilidad ia,1
riesgo actual produzca contenido audio video forma parezca tan real puedan viralizarlo real destruya reputación persona genere graf controversias generación contenido base información producida mentes brillantes existe crédito ma hace pregunta correcta persona sientan ia va producir nuevo trabaja base programación directorio biblioteca,1
dirijo grupo dw investiguen grafeno nanotecnología enseen,0
teoría dice robot cotizarán trabajo harán trabajarán toda necesidades idea veo heavy bueno trabajan cotizan hacemos vivir necesidades toda cubiertas cree posible idea escuchado varias veces,1
sociabilidad bien persona real quiere entablar relacion conversacion contigo nisiquiera dinero ia si hace,0
después meses ia transmitiendo medios mensajes oscuros deprimentes irritantes sugestivos hipnagógicos pro determinadas corrientes políticas comienza actualización fin ao transmitir mensajes adaptativos positivos reencauzantes hacia algún nuevo paradigma social proceso,1
seres vivos importantes,1
hermoso chemtrail san francisco,1
bienvenidos humanoides,1
q usarla reemplazarla inútil limitarla enfrente humano retandolo retará humano extingue extingue,0
punto clave trasfondo espiritual tema construir ia dios realidad invocar dios,1
ningún dilema trato temas gran importancia filosófica ámbito social económico chat gpt sorprende inteligencia artificial objetiva ser humano relación interpretación percepción realidad dijo spinoza hombre cuida esclavitud si libertad ser humano contemporáneo dado cuenta vive cada día mentira creo miedo aversión tratando meterle gente relacionado ia inclusive atrevo decir chat gpt consciente,1
esperando ansias transhumanismo quedar obsoleto ia,1
saludos ciertamente posibilidad homo artificialis vea unas joyas arqueológicas homo sapiens dentro aos,0
real blade runner inteligencias puedan procrear cualquier especie aplicarían leyes sistema asi,1
conclusión pude llegar ia cuenta humano destruye si mismo entorno,0
pudieron encontrar nombre ma adecuado cyberdyne,0
hello cómo espero bien,1
si hacen ia mejorar valores seres humanos,1
interesanteel asunto todabia faltaveto saber aver bajeje,1
si extende totalmente pro limite superficie falla sistema puede ocasionar final especie humana xd falla sistema pan cada día,1
mmm ia pondría riesgo vida humana si mismos daamos,0
miedo cambio van quedar atrás puede siempre,0
uso desarrollo ia regular puedes ser tan confiado pensar solo usará bien sobrados muestras cómo tecnología puede usarse construir destruir si avances ver ma hacer bien,0
impresindible regulacion leyes ia evitar uso indebido ciberdelitos,1
puedes propia seguridad ahora quieres ser investigador seguridad ia,1
pagar deudas menos obra mano menos ingresos,1
inteligencia artificial hace muchísimos aos auge van desaparecer millones profesionales empleos gobiernos asustados van saber van hacer toda persona crece pobreza desempleo violencia etc trabajo inteligencia artificial verdaderamente amenaza cada día sigue evolucionando tener límites m,1
cuarta revolución tecnológica ia podrá resolver problemas intento reversar cambio climático ao creo auto autónomos realidad dejando empleo muchas persona slogan seguro pasajero,1
cyvetdynees serio asi llama empresa enpresa creo skineten tetninator mamen,0
molto bene grazie frufru problema humano hace debate deberia siempre hombre humano molto bene grazie frufru,0
dire,0
quieres hacer pagar derechos autor nombre completo,1
interesante,1
ayudarán algún interés bueno dudo,1
mundo razonable persona preocupan seguridad problema mundo menos razonable,1
ayudaran si usa bien sabemos mal tambien aprovechara futuro habran robot delincuentes etc,0
entiendo tipo quiera cambiar mundo principio acciones exageradas colocaron lugar comprensible gestionar humanidad debilitaria frágil lugar ir lado opuesto inevitablemente hacia vamos cierre estrepitóso tal parece seleccionando semillas fruto raquítico posible propagarlo lugar hablar posibilidades capacidades intrínsecas ser potenciarnos ser seres auto cultivados escandaliza atemoriza individuos fragiles dicho intenta eliminar ayuda social requiere justificaciones vertidas programa incidir enfoque asistido organismo débil ser quebradizo generacionalmente abriendo espacio aquel flacucho autocondescendiente pasa sentándote maquinando cómo conquistar mundo mismo aviente bomba ejercito drone apague switch madre mundo,1
critico triste pues verdad mundo solo importa interes poder dinero si olvidando primordial unico raices humanas toda gente olvidando iglesia demas valores gran peso pueden ayudar conservarnos buscar paz evadir guerras demas problemas vanguardia lamentable peor enemigo humano mismo humano arraza,1
gobiernos mundiales plantearse seriamente establecer renta básica seres humanos destrucción acelerada empleos llevará tremendo caos social atajar próximos aos lado asegura ia alcance autoconciencia damos sentado conciencia mismo sólo desarrolla sustrato biológico prejuicio puede salir caro ia autoconciencia seguirá respetando,1
documental habla ia voz ia recomendado ia youtube exitante,1
ia va hacer posible hacer contacto comunicación plantas animales microbios etc luego,1
asombrosa inteligencia artificial,0
miedo ignorancia supersticiones mantenido infraevolucionados momento darnos buen futuro planeta,1
gracias video inteligencia artificial tema fascinante pregunto cómo influye ia desarrollo software hoy día cierto interesado programación empecé cursos odigo hroe conocen,1
gran ayuda,1
gracias ser parte comunidad big book valoramos educación conocimiento queremos invitarte visitar tienda online encontrarás increíble selección productos diseos exclusivos visitar tienda unidos latinoamérica haga clic aquí visitar tienda espaa haga clic aquí toda compras hacen garantia confianza brinda spreadshirt ropa nios adultos accesorios únicos pierdas oportunidad descubrir preparado muchas gracias colaborar proyecto,1
preguntan inteligencia artificial curar cáncer diabetes toda enfermedades mortales atacan humanos preguntarle computadoras avanzadas mundo computadora cuantica etcétera etcétera seguro cura toda enfermedades mortales,1
mejor explicación gracias,1
increíble,1
buen video,1
ello interesante sigo entender ponen naríz boca dientes mama máquina entiendo idea simular aprende cerebro máquina ser vivo requiera oxígeno alimento masticar tampoco nacen bebés,1
gracias exámen maana ahora entiendo,1
saludos cordiales shalom,1
like n excelente video,1
tremendo vídeo,0
ia puede razonar límite grandisimo nunca voluntad propia nunca pues toda supuesta voluntad limita voluntad humano creo,1
ia aya base datos disposición computadora,1
encanta,1
interesante bonitopero humanidad sigue matando guerras muriendo hambre africa,0
conviene nadie mu gente quedará empleo,0
redes neuronales analizar fraudes procesales asistencia virtual surge preocupación,0
novia jj,0
tan poca inteligencia tierra hacer artificial,0
aquí vinieron tarea xd,1
desgracia humanidad beneficio cuantos,0
si ésta supera extermina,0
aca tarea xd,0
gracias ayudo,1
